respondent_id,age_group,occupation_category,visit_freq_per_week,pref_visit_morning,pref_visit_noon,pref_visit_evening,crowd_dislike,heat_dislike,stay_duration_min,interest_play,interest_jogging,interest_relax,interest_photo,interest_fitness,importance_kursi,importance_toilet,importance_foodstall
R00001,lansia,ibu_rumah_tangga,3,4,5,3,5,3,64,3,3,5,4,3,5,4,3
R00002,dewasa,pekerja_kantoran,5,4,5,5,3,5,73,2,4,3,5,5,4,4,4
R00003,dewasa,ibu_rumah_tangga,1,4,2,4,3,4,69,2,5,5,4,4,5,4,5
R00004,dewasa,pekerja_kantoran,2,3,3,4,5,4,61,3,3,4,2,5,5,3,3
R00005,lansia,pensiunan,2,4,3,4,5,5,46,1,2,3,3,2,4,4,3
R00006,anak,pelajar,3,4,3,3,3,3,110,4,4,4,2,2,5,5,4
R00007,remaja,pelajar,1,2,2,5,3,4,38,4,3,3,5,3,4,4,3
R00008,lansia,pensiunan,2,5,2,4,5,5,45,2,2,5,4,4,3,4,4
R00009,dewasa,ibu_rumah_tangga,4,4,3,3,4,3,75,3,5,3,2,4,5,4,5
R00010,remaja,pelajar,3,4,2,2,4,2,106,4,4,2,4,4,4,4,3
R00011,dewasa,ibu_rumah_tangga,1,4,3,4,2,5,78,1,3,5,3,4,5,5,3
R00012,remaja,pelajar,2,4,3,4,3,3,84,3,4,4,3,4,4,4,3
R00013,remaja,pelajar,2,2,3,5,5,3,68,4,4,1,3,4,4,5,4
R00014,remaja,pelajar,2,3,4,4,2,4,74,5,3,3,5,4,5,3,4
R00015,lansia,pensiunan,2,1,3,5,5,5,30,2,3,5,5,3,4,4,4
R00016,dewasa,pekerja_informal,4,5,3,4,4,4,78,2,4,2,4,2,5,4,4
R00017,anak,pelajar,3,4,3,4,4,4,94,5,3,4,3,2,3,3,2
R00018,dewasa,ibu_rumah_tangga,2,5,3,2,3,3,78,1,5,4,3,3,4,4,4
R00019,remaja,mahasiswa,2,2,5,4,5,4,54,3,4,4,4,4,4,4,3
R00020,remaja,mahasiswa,3,3,4,5,4,3,83,2,3,2,4,2,4,4,5
R00021,remaja,pelajar,3,3,1,5,4,4,65,4,4,3,5,4,4,4,4
R00022,dewasa,pekerja_informal,2,4,3,5,2,5,67,3,5,2,1,3,4,5,3
R00023,dewasa,pekerja_kantoran,2,3,3,3,4,3,72,3,3,2,3,4,5,4,5
R00024,lansia,pensiunan,2,5,2,3,4,2,56,3,3,5,5,4,5,5,4
R00025,anak,pelajar,3,2,2,4,3,5,59,4,4,3,3,5,3,5,3
R00026,dewasa,pekerja_kantoran,2,1,3,4,4,4,87,1,4,2,2,5,3,5,3
R00027,remaja,pelajar,1,3,5,3,3,5,37,4,4,4,4,4,3,4,5
R00028,dewasa,pekerja_informal,1,5,4,2,3,3,67,2,5,4,3,4,4,3,4
R00029,lansia,pensiunan,3,3,3,3,3,4,66,3,3,4,2,2,5,3,5
R00030,lansia,pensiunan,2,5,3,4,4,4,20,3,4,4,2,4,3,4,4
R00031,dewasa,pekerja_informal,4,5,2,5,4,3,82,2,5,2,3,5,4,4,5
R00032,dewasa,pekerja_kantoran,5,4,4,4,2,3,67,2,3,4,3,2,3,3,3
R00033,remaja,pelajar,1,5,3,4,2,3,36,3,3,3,4,3,3,3,3
R00034,dewasa,pekerja_informal,3,4,3,2,3,4,59,3,5,4,3,4,4,3,4
R00035,dewasa,pekerja_kantoran,3,4,3,5,4,4,43,2,4,3,4,5,4,5,4
R00036,dewasa,pekerja_kantoran,5,4,3,5,3,4,41,3,4,5,4,3,4,4,3
R00037,dewasa,pekerja_kantoran,5,3,5,4,3,2,54,2,5,4,3,3,3,5,5
R00038,dewasa,pekerja_kantoran,2,5,3,5,4,3,54,1,4,4,3,3,4,5,2
R00039,dewasa,ibu_rumah_tangga,2,3,2,4,3,4,110,3,4,4,4,5,4,4,4
R00040,dewasa,pekerja_kantoran,5,5,4,5,3,4,38,3,2,3,3,5,4,4,5
R00041,dewasa,ibu_rumah_tangga,2,3,3,4,4,4,96,1,4,4,5,4,5,3,5
R00042,remaja,pelajar,2,4,3,3,3,4,80,4,4,1,4,3,2,4,3
R00043,dewasa,pekerja_kantoran,4,4,4,5,4,2,43,2,1,3,3,3,4,5,4
R00044,dewasa,pekerja_kantoran,2,3,4,5,3,5,50,2,4,5,4,5,4,5,4
R00045,dewasa,pekerja_kantoran,2,4,3,2,3,4,49,2,4,3,3,4,3,4,3
R00046,dewasa,pekerja_informal,1,4,3,4,4,4,85,1,4,4,3,3,4,2,5
R00047,remaja,pelajar,2,3,2,3,4,4,72,3,2,3,2,3,4,3,2
R00048,lansia,pensiunan,2,4,3,4,5,3,48,1,2,5,4,1,4,4,3
R00049,dewasa,pekerja_informal,4,4,3,5,4,4,80,3,4,3,3,4,4,4,3
R00050,lansia,pensiunan,3,5,3,3,4,5,58,2,2,3,4,5,5,2,4
R00051,remaja,pelajar,3,4,2,3,3,4,86,3,3,3,3,4,3,5,4
R00052,lansia,pensiunan,3,4,2,3,4,4,40,2,4,5,2,3,5,3,4
R00053,remaja,mahasiswa,1,3,4,4,4,3,74,3,2,4,4,4,3,4,4
R00054,remaja,mahasiswa,1,2,4,5,4,3,53,3,3,4,3,4,4,5,3
R00055,dewasa,pekerja_kantoran,4,5,4,5,4,3,94,3,4,3,4,5,3,4,4
R00056,dewasa,ibu_rumah_tangga,4,5,5,4,2,4,107,3,4,3,4,3,4,4,4
R00057,lansia,pensiunan,3,3,2,4,4,4,76,3,3,3,3,3,5,5,3
R00058,lansia,pensiunan,2,5,2,2,3,4,24,2,2,5,3,3,5,4,3
R00059,lansia,pensiunan,1,3,2,2,5,3,33,2,4,4,4,2,4,3,5
R00060,dewasa,pekerja_kantoran,2,3,3,4,4,4,67,2,4,2,3,4,5,3,4
R00061,dewasa,pekerja_kantoran,3,5,2,4,4,3,68,3,4,3,4,5,4,4,1
R00062,remaja,mahasiswa,1,4,3,5,4,4,57,3,3,4,4,3,5,4,5
R00063,dewasa,pekerja_kantoran,3,4,3,4,2,5,49,2,4,4,3,4,4,5,3
R00064,remaja,pelajar,1,4,4,5,4,5,48,4,4,4,4,5,3,4,5
R00065,dewasa,ibu_rumah_tangga,1,5,4,4,3,4,95,2,3,5,4,3,5,4,4
R00066,dewasa,pekerja_informal,2,3,4,2,3,4,82,2,4,4,3,3,5,4,3
R00067,anak,pelajar,3,2,3,3,3,4,81,5,4,4,2,2,4,3,4
R00068,dewasa,pekerja_informal,3,4,3,3,5,2,70,1,4,3,3,3,4,3,3
R00069,dewasa,pekerja_informal,1,5,4,4,3,2,20,1,3,3,3,5,4,4,5
R00070,dewasa,pekerja_kantoran,2,4,2,4,4,2,56,2,3,4,2,4,4,4,3
R00071,anak,pelajar,1,4,3,5,4,3,22,5,3,5,2,2,4,5,3
R00072,anak,pelajar,3,3,3,3,4,4,95,4,3,4,3,3,3,4,3
R00073,remaja,pelajar,2,4,4,3,4,4,68,4,2,4,4,3,3,4,4
R00074,dewasa,ibu_rumah_tangga,2,4,3,4,4,4,78,3,3,3,3,4,4,4,4
R00075,lansia,pensiunan,2,3,2,2,5,5,27,3,2,5,3,2,4,5,3
R00076,dewasa,ibu_rumah_tangga,4,5,5,4,4,4,76,1,5,4,3,3,5,5,4
R00077,lansia,pensiunan,3,5,4,4,4,4,61,2,3,3,3,3,5,2,5
R00078,dewasa,pekerja_kantoran,3,4,4,5,3,3,45,1,5,3,3,4,4,5,4
R00079,remaja,mahasiswa,1,2,3,5,4,5,52,2,2,2,4,2,5,4,2
R00080,dewasa,pekerja_informal,2,5,4,4,4,3,78,1,4,3,4,2,3,4,5
R00081,dewasa,pekerja_kantoran,2,4,4,3,3,4,34,5,5,4,4,5,4,3,3
R00082,dewasa,pekerja_kantoran,3,4,3,4,4,3,43,2,4,2,4,4,3,5,4
R00083,dewasa,pekerja_kantoran,2,5,3,5,3,2,71,2,3,4,3,4,5,3,5
R00084,lansia,pensiunan,2,5,4,5,3,3,50,3,3,4,2,2,5,4,2
R00085,remaja,pelajar,2,2,4,5,2,3,48,3,2,5,5,3,3,3,4
R00086,lansia,pensiunan,2,3,3,3,5,5,38,3,4,4,3,3,5,4,4
R00087,remaja,pelajar,2,3,3,5,5,3,80,3,3,4,3,3,5,4,4
R00088,dewasa,pekerja_informal,2,3,2,4,3,4,62,3,2,4,2,4,4,4,4
R00089,remaja,pelajar,1,2,5,5,3,4,60,3,3,3,4,4,5,3,4
R00090,remaja,pelajar,2,3,4,4,4,4,57,2,2,5,4,4,4,4,3
R00091,anak,pelajar,3,2,4,1,4,4,70,5,3,4,3,2,2,3,4
R00092,dewasa,pekerja_kantoran,5,2,3,5,4,4,59,3,4,4,3,4,4,4,3
R00093,dewasa,ibu_rumah_tangga,4,5,5,4,4,5,41,3,5,4,3,5,4,4,4
R00094,dewasa,pekerja_kantoran,4,5,4,2,2,2,80,4,4,2,3,4,4,3,3
R00095,lansia,pensiunan,2,3,3,3,4,3,65,4,3,3,4,3,5,4,4
R00096,remaja,pelajar,2,3,1,5,5,4,76,4,2,4,4,3,3,3,3
R00097,dewasa,ibu_rumah_tangga,4,3,4,4,4,4,94,2,3,4,3,5,2,4,4
R00098,dewasa,pekerja_kantoran,3,4,2,3,4,4,26,2,5,4,2,3,3,3,4
R00099,remaja,pelajar,1,2,3,4,5,1,68,3,4,3,4,3,3,4,5
R00100,remaja,mahasiswa,1,3,3,4,5,3,78,2,3,3,5,5,4,5,4
R00101,anak,pelajar,2,3,3,2,2,4,73,5,3,4,3,3,4,5,4
R00102,remaja,pelajar,2,2,2,4,4,3,89,3,4,3,5,3,5,5,5
R00103,dewasa,pekerja_informal,1,4,3,4,3,3,61,3,4,5,3,4,4,4,4
R00104,dewasa,pekerja_informal,1,5,3,2,4,3,77,2,4,4,2,3,3,5,5
R00105,dewasa,pekerja_informal,4,4,5,3,2,5,72,3,5,3,4,3,5,3,3
R00106,remaja,mahasiswa,3,2,5,3,4,4,83,2,1,3,3,3,5,4,4
R00107,dewasa,pekerja_kantoran,3,5,2,4,2,3,66,2,5,4,3,5,3,3,4
R00108,dewasa,pekerja_kantoran,2,4,4,5,4,4,57,3,4,4,4,4,3,4,4
R00109,dewasa,pekerja_informal,1,2,5,4,4,4,59,2,3,4,3,4,4,4,4
R00110,anak,pelajar,3,1,3,3,3,3,72,5,2,3,4,2,3,4,3
R00111,remaja,pelajar,1,4,4,3,4,3,97,4,3,3,1,3,4,5,4
R00112,dewasa,ibu_rumah_tangga,1,5,2,3,4,2,54,3,3,5,3,3,4,5,4
R00113,dewasa,pekerja_kantoran,5,4,3,4,4,5,39,3,3,3,4,5,4,5,4
R00114,dewasa,ibu_rumah_tangga,1,5,3,4,3,3,51,2,2,5,5,4,3,5,5
R00115,dewasa,pekerja_kantoran,4,3,3,5,3,4,47,2,5,3,3,5,3,5,3
R00116,dewasa,pekerja_informal,1,4,4,4,3,2,74,2,5,3,2,4,4,4,3
R00117,dewasa,ibu_rumah_tangga,4,4,3,5,4,3,60,2,4,4,3,4,5,4,3
R00118,dewasa,pekerja_kantoran,4,4,3,4,3,4,71,3,5,4,4,3,3,5,3
R00119,dewasa,pekerja_kantoran,2,3,2,3,3,4,65,3,5,4,3,5,4,4,4
R00120,remaja,pelajar,2,4,2,3,4,4,101,4,3,2,4,3,5,5,5
R00121,dewasa,pekerja_kantoran,4,3,3,3,4,2,49,3,2,4,3,3,3,5,3
R00122,anak,pelajar,2,1,2,3,3,5,83,5,3,2,2,3,3,5,4
R00123,remaja,pelajar,1,3,3,5,4,5,71,3,3,5,4,3,4,3,4
R00124,dewasa,ibu_rumah_tangga,4,5,3,4,4,3,101,4,3,4,4,4,4,3,4
R00125,lansia,ibu_rumah_tangga,2,3,4,3,5,5,21,1,3,3,4,4,4,4,3
R00126,dewasa,pekerja_kantoran,3,3,2,4,4,4,49,3,3,3,3,3,5,3,5
R00127,dewasa,pekerja_informal,3,4,3,4,4,4,53,2,4,4,3,3,4,3,4
R00128,dewasa,pekerja_informal,3,3,4,3,3,4,65,2,5,3,2,4,5,4,4
R00129,dewasa,pekerja_informal,1,4,3,3,4,4,77,2,5,5,3,3,4,4,3
R00130,dewasa,pekerja_kantoran,3,5,4,4,4,3,44,2,3,4,3,4,3,4,1
R00131,dewasa,pekerja_kantoran,5,2,1,4,3,3,46,3,4,3,4,3,5,4,3
R00132,remaja,pelajar,2,2,2,3,4,3,71,4,4,3,3,3,3,3,4
R00133,anak,pelajar,2,2,3,5,4,5,83,3,2,4,4,2,3,4,4
R00134,dewasa,pekerja_informal,2,4,3,3,2,3,50,2,3,3,2,4,4,3,3
R00135,remaja,mahasiswa,3,3,3,4,5,3,115,3,3,5,4,5,3,4,5
R00136,dewasa,pekerja_kantoran,5,5,4,5,4,4,34,1,4,2,4,3,4,3,3
R00137,remaja,mahasiswa,2,2,4,4,4,4,72,4,3,2,5,2,4,4,4
R00138,lansia,pensiunan,2,4,4,3,4,4,32,2,5,4,3,3,4,4,4
R00139,remaja,mahasiswa,3,2,3,4,4,5,43,3,3,4,3,5,4,3,3
R00140,dewasa,ibu_rumah_tangga,4,3,4,4,4,3,99,2,4,3,4,4,2,4,3
R00141,dewasa,pekerja_informal,3,4,2,4,3,2,63,3,5,4,2,4,4,5,4
R00142,anak,pelajar,1,3,3,4,4,4,59,5,4,4,3,2,5,3,4
R00143,dewasa,pekerja_kantoran,1,5,3,4,2,2,56,2,4,4,4,3,4,4,3
R00144,dewasa,ibu_rumah_tangga,2,4,3,4,3,4,134,3,4,5,2,4,4,4,4
R00145,dewasa,pekerja_informal,2,3,3,3,2,2,78,4,4,4,1,4,4,5,4
R00146,anak,pelajar,1,4,4,5,2,4,97,4,4,4,3,4,4,5,4
R00147,dewasa,pekerja_kantoran,3,3,4,5,4,5,79,2,3,3,4,3,4,4,5
R00148,lansia,pensiunan,1,2,3,2,3,5,71,3,2,3,5,4,5,4,3
R00149,lansia,pensiunan,2,4,2,4,5,4,38,2,3,4,2,5,5,5,5
R00150,remaja,pelajar,3,4,2,5,4,4,76,2,3,4,4,3,4,4,3
R00151,dewasa,pekerja_kantoran,4,5,3,5,3,4,30,3,3,3,4,4,4,3,4
R00152,dewasa,pekerja_informal,2,4,4,3,2,3,71,2,3,4,1,3,3,3,5
R00153,dewasa,pekerja_informal,3,3,3,4,5,5,61,1,5,3,4,4,4,5,3
R00154,dewasa,ibu_rumah_tangga,2,4,2,4,4,4,72,2,4,3,3,4,2,4,5
R00155,anak,pelajar,2,4,4,3,4,4,85,4,1,3,4,2,4,5,4
R00156,remaja,pelajar,2,2,3,4,4,3,51,2,4,3,3,2,3,4,3
R00157,dewasa,pekerja_kantoran,4,5,2,5,4,3,46,1,3,4,2,2,3,4,3
R00158,dewasa,pekerja_kantoran,3,4,5,5,4,4,57,1,5,3,3,4,4,4,5
R00159,dewasa,pekerja_kantoran,2,3,3,5,4,3,51,2,2,3,2,4,3,4,5
R00160,dewasa,pekerja_kantoran,3,4,5,4,3,4,37,3,2,2,4,4,3,4,3
R00161,remaja,pelajar,3,3,4,5,3,5,45,4,4,4,3,3,4,4,4
R00162,dewasa,pekerja_informal,2,4,5,5,5,4,56,3,2,4,4,3,3,4,4
R00163,remaja,pelajar,1,5,4,5,4,4,64,2,2,4,4,4,3,4,4
R00164,anak,pelajar,2,2,4,4,4,3,81,4,2,2,3,3,3,4,4
R00165,remaja,pelajar,2,3,2,4,4,3,46,3,3,4,5,3,3,4,4
R00166,lansia,pensiunan,2,4,2,4,5,3,57,3,3,3,3,4,5,4,3
R00167,dewasa,pekerja_informal,4,4,5,4,4,3,20,3,5,3,2,4,4,4,4
R00168,lansia,pensiunan,1,3,3,3,4,4,39,1,1,4,5,4,5,5,4
R00169,remaja,pelajar,2,1,4,4,4,3,52,2,4,5,4,5,3,2,5
R00170,dewasa,pekerja_kantoran,2,2,3,3,3,4,36,1,4,4,3,3,4,3,4
R00171,remaja,pelajar,3,3,5,4,2,4,91,4,3,2,4,3,4,4,3
R00172,dewasa,pekerja_informal,4,3,4,5,3,2,28,3,4,3,4,3,4,5,3
R00173,remaja,pelajar,2,1,2,5,4,5,81,3,3,5,4,4,3,3,5
R00174,anak,pelajar,2,3,4,3,3,5,88,4,3,2,2,3,3,5,5
R00175,dewasa,pekerja_kantoran,3,3,3,4,3,5,45,2,5,2,4,5,3,5,4
R00176,dewasa,pekerja_kantoran,2,4,3,3,3,4,42,2,3,4,3,2,4,4,4
R00177,remaja,pelajar,1,2,2,4,4,4,85,4,3,4,4,4,3,3,4
R00178,dewasa,pekerja_informal,1,3,4,3,2,5,78,2,5,2,3,4,4,3,4
R00179,dewasa,ibu_rumah_tangga,3,3,4,4,4,3,106,3,5,4,3,4,3,3,3
R00180,remaja,pelajar,2,2,4,4,4,5,86,3,4,3,4,3,3,3,4
R00181,dewasa,pekerja_informal,4,2,2,4,5,4,77,3,3,4,4,3,3,4,2
R00182,dewasa,ibu_rumah_tangga,1,4,1,3,3,4,27,2,3,4,4,4,2,4,4
R00183,dewasa,ibu_rumah_tangga,2,3,4,2,4,4,106,3,3,5,3,4,5,4,5
R00184,dewasa,pekerja_informal,1,3,4,4,3,5,47,3,4,4,3,4,5,4,4
R00185,dewasa,pekerja_informal,2,3,5,4,3,2,63,1,4,4,2,3,4,4,4
R00186,remaja,mahasiswa,2,4,3,4,3,4,50,2,2,4,5,4,4,3,4
R00187,dewasa,pekerja_kantoran,2,4,4,4,3,4,57,2,3,5,3,3,5,4,3
R00188,lansia,pensiunan,3,4,3,4,3,5,58,2,3,4,3,1,5,4,4
R00189,dewasa,pekerja_informal,3,4,4,3,3,2,59,3,2,3,3,4,5,5,2
R00190,lansia,pensiunan,3,5,4,3,4,5,73,3,4,5,5,2,5,4,2
R00191,remaja,pelajar,2,3,4,4,3,4,92,4,3,4,3,4,4,4,4
R00192,anak,pelajar,1,4,2,2,4,4,80,4,3,4,4,3,4,4,3
R00193,anak,pelajar,3,3,2,4,4,3,56,4,2,3,4,5,4,5,3
R00194,dewasa,pekerja_kantoran,5,5,3,4,2,3,77,4,2,2,3,3,4,4,3
R00195,remaja,pelajar,2,3,2,4,2,4,66,5,5,4,4,2,4,3,5
R00196,remaja,mahasiswa,1,4,5,5,4,3,61,3,4,3,3,4,4,4,4
R00197,dewasa,pekerja_informal,4,5,2,3,4,4,68,2,3,4,1,2,5,5,3
R00198,anak,pelajar,1,3,5,4,4,5,30,5,3,3,4,4,4,5,4
R00199,remaja,pelajar,1,3,4,3,4,3,76,4,3,4,3,5,4,5,4
R00200,anak,pelajar,1,4,3,4,2,4,84,3,2,3,2,4,4,5,3
R00201,dewasa,pekerja_kantoran,4,4,2,4,3,3,51,2,5,5,3,4,3,5,2
R00202,remaja,pelajar,1,4,4,5,5,3,62,1,2,4,4,5,4,4,3
R00203,dewasa,pekerja_informal,2,4,4,3,3,4,67,2,2,3,3,5,3,4,3
R00204,anak,pelajar,1,3,3,3,5,4,80,4,3,3,3,4,4,4,4
R00205,dewasa,pekerja_informal,2,3,2,4,4,4,80,2,3,4,3,2,4,5,4
R00206,lansia,pensiunan,3,4,3,3,3,4,45,1,3,4,3,2,5,4,3
R00207,dewasa,ibu_rumah_tangga,1,4,1,4,4,2,53,3,4,3,1,3,4,3,4
R00208,dewasa,pekerja_kantoran,1,3,3,5,4,5,63,2,3,3,4,3,4,4,5
R00209,lansia,pensiunan,3,3,3,5,3,4,74,2,3,5,4,3,5,5,4
R00210,anak,pelajar,2,2,2,4,2,3,89,5,2,2,4,2,3,5,4
R00211,dewasa,pekerja_kantoran,2,5,3,5,3,2,50,4,4,3,3,4,3,4,3
R00212,lansia,pensiunan,1,5,3,4,4,2,33,1,4,4,1,3,4,5,4
R00213,remaja,pelajar,2,3,2,4,4,4,63,4,5,3,5,5,5,4,4
R00214,dewasa,pekerja_kantoran,4,3,5,5,3,3,62,4,4,3,4,5,3,3,4
R00215,dewasa,pekerja_kantoran,2,4,3,3,3,5,51,2,3,5,3,4,5,4,3
R00216,remaja,pelajar,3,4,2,5,3,4,71,3,3,4,3,3,5,4,4
R00217,anak,pelajar,3,3,4,4,3,3,83,4,3,3,4,2,4,4,4
R00218,lansia,pensiunan,2,4,2,3,3,4,50,2,2,5,2,4,5,3,3
R00219,dewasa,pekerja_kantoran,3,3,2,4,3,4,70,3,5,2,2,4,3,5,4
R00220,dewasa,pekerja_kantoran,2,3,4,4,3,4,48,1,4,1,3,5,5,4,3
R00221,dewasa,pekerja_kantoran,2,4,4,3,4,4,66,2,4,2,2,4,4,5,5
R00222,remaja,pelajar,3,3,2,3,4,3,74,4,2,3,5,3,4,3,3
R00223,dewasa,pekerja_kantoran,3,4,4,4,2,4,59,1,4,3,2,5,3,5,4
R00224,remaja,mahasiswa,3,1,4,4,4,3,62,3,3,4,5,3,3,4,5
R00225,anak,pelajar,2,4,2,2,3,4,59,5,2,2,4,4,4,4,3
R00226,dewasa,ibu_rumah_tangga,3,5,2,3,3,4,20,3,4,4,3,5,4,3,4
R00227,dewasa,pekerja_kantoran,3,5,4,5,4,4,59,4,3,5,4,2,4,5,3
R00228,lansia,pensiunan,2,4,3,4,4,3,77,2,2,5,4,2,5,4,4
R00229,remaja,pelajar,3,4,4,4,2,3,56,4,4,4,4,3,4,4,4
R00230,dewasa,pekerja_kantoran,4,1,3,4,3,3,51,2,4,4,4,5,5,3,4
R00231,dewasa,pekerja_kantoran,2,4,3,4,3,3,35,2,4,2,3,3,4,5,5
R00232,dewasa,pekerja_informal,2,4,3,4,3,3,72,4,2,5,3,4,5,3,4
R00233,dewasa,ibu_rumah_tangga,1,2,3,5,3,4,114,1,3,5,4,3,4,4,5
R00234,lansia,pensiunan,2,4,3,5,4,5,60,2,3,5,5,2,5,5,4
R00235,remaja,pelajar,2,3,3,4,4,3,80,3,3,5,5,4,4,3,3
R00236,remaja,pelajar,1,3,3,4,4,5,100,2,4,3,4,4,5,3,4
R00237,dewasa,pekerja_kantoran,4,5,2,5,3,5,56,3,3,3,4,4,5,5,3
R00238,dewasa,pekerja_informal,3,3,3,4,4,5,66,3,5,3,4,4,3,4,3
R00239,dewasa,pekerja_kantoran,2,3,4,4,3,4,76,3,5,3,5,3,5,4,4
R00240,dewasa,pekerja_kantoran,2,3,3,3,4,4,57,3,3,4,2,5,4,4,3
R00241,remaja,pelajar,1,3,4,3,5,5,93,2,4,5,5,3,3,4,4
R00242,anak,pelajar,2,3,3,3,3,4,112,5,2,5,2,2,3,3,4
R00243,anak,pelajar,1,3,3,2,2,3,80,4,4,4,5,3,3,4,3
R00244,lansia,pensiunan,3,3,3,4,4,5,40,3,3,4,2,3,5,3,4
R00245,anak,pelajar,3,4,2,3,2,4,65,5,2,3,4,3,5,5,5
R00246,remaja,pelajar,2,3,3,4,3,3,72,3,3,5,4,5,3,4,4
R00247,dewasa,pekerja_informal,4,5,3,4,4,3,84,2,3,3,4,4,4,3,4
R00248,remaja,pelajar,1,5,5,4,3,4,44,4,3,4,3,2,3,4,2
R00249,anak,pelajar,2,3,3,3,5,4,85,5,2,2,4,3,3,5,4
R00250,lansia,ibu_rumah_tangga,3,4,1,3,5,4,83,2,3,5,3,2,5,2,3
R00251,dewasa,ibu_rumah_tangga,3,4,4,4,4,3,69,4,4,4,2,4,5,5,4
R00252,lansia,pensiunan,3,3,4,5,3,5,53,2,3,5,3,3,5,5,3
R00253,dewasa,pekerja_informal,2,4,5,3,3,5,23,3,5,3,3,4,4,5,4
R00254,dewasa,pekerja_kantoran,2,4,4,5,1,2,48,2,5,3,2,4,4,3,4
R00255,dewasa,pekerja_kantoran,3,5,3,5,3,5,46,1,5,4,3,3,4,4,5
R00256,anak,pelajar,2,2,1,4,4,4,85,2,3,3,3,3,3,4,4
R00257,dewasa,ibu_rumah_tangga,3,5,3,3,4,3,64,2,3,4,2,2,4,4,3
R00258,dewasa,pekerja_informal,4,4,4,4,5,4,68,2,3,4,4,3,4,3,3
R00259,remaja,pelajar,1,3,2,5,4,2,71,3,4,3,3,4,5,4,5
R00260,dewasa,pekerja_kantoran,4,3,4,5,4,3,51,2,5,3,2,2,5,4,5
R00261,dewasa,ibu_rumah_tangga,3,4,5,3,4,4,89,1,2,5,4,4,3,5,2
R00262,dewasa,pekerja_kantoran,3,4,4,5,3,2,41,2,5,3,3,3,4,4,3
R00263,lansia,pensiunan,2,5,3,5,4,4,73,2,3,4,4,3,4,3,4
R00264,dewasa,pekerja_informal,4,5,3,3,5,3,32,3,3,4,1,4,3,4,3
R00265,dewasa,pekerja_kantoran,4,3,4,3,4,4,60,1,3,4,4,3,5,5,4
R00266,lansia,ibu_rumah_tangga,3,3,5,3,3,2,51,2,2,5,4,4,5,4,5
R00267,dewasa,pekerja_informal,1,2,5,4,3,5,120,3,5,4,3,3,3,4,3
R00268,anak,pelajar,2,4,3,3,2,5,80,4,3,4,4,2,3,5,3
R00269,dewasa,ibu_rumah_tangga,2,4,5,3,3,4,106,1,4,3,5,5,3,3,4
R00270,dewasa,pekerja_informal,2,5,3,3,5,3,31,1,3,4,2,2,4,4,3
R00271,dewasa,pekerja_informal,3,2,3,2,3,4,57,2,4,4,3,3,4,5,3
R00272,dewasa,pekerja_informal,4,4,3,4,4,3,71,2,5,3,3,3,3,4,3
R00273,dewasa,ibu_rumah_tangga,3,4,3,3,4,2,83,2,3,5,3,3,3,4,3
R00274,dewasa,pekerja_informal,2,5,3,3,3,5,75,3,3,2,4,4,3,5,5
R00275,lansia,pensiunan,3,4,3,3,3,3,58,3,4,5,3,3,5,5,5
R00276,remaja,mahasiswa,2,4,3,4,3,4,56,2,4,2,4,3,4,4,3
R00277,dewasa,ibu_rumah_tangga,3,3,3,4,3,2,89,2,4,4,3,5,3,3,4
R00278,anak,pelajar,1,3,4,5,4,4,91,4,2,5,5,3,4,4,4
R00279,dewasa,pekerja_kantoran,3,4,4,5,3,5,72,2,5,4,2,4,3,4,3
R00280,remaja,mahasiswa,1,4,4,3,4,4,82,4,2,3,4,3,4,3,5
R00281,anak,pelajar,3,3,4,2,4,3,101,5,3,4,3,3,3,4,5
R00282,remaja,mahasiswa,1,4,4,4,4,2,93,2,5,4,4,2,3,3,3
R00283,dewasa,ibu_rumah_tangga,3,4,1,4,5,4,58,3,3,5,3,5,5,4,4
R00284,dewasa,pekerja_informal,3,4,4,3,4,4,106,3,4,2,4,4,3,3,2
R00285,anak,pelajar,3,4,2,4,3,4,86,4,1,2,2,3,4,5,4
R00286,anak,pelajar,3,3,4,3,4,3,67,5,2,2,3,2,4,5,3
R00287,anak,pelajar,1,3,3,1,3,2,49,5,1,4,4,2,5,3,5
R00288,remaja,pelajar,2,3,3,3,4,3,75,4,3,1,4,3,3,4,3
R00289,dewasa,ibu_rumah_tangga,3,4,3,4,3,4,59,2,4,5,3,5,3,3,4
R00290,dewasa,pekerja_informal,2,2,3,5,5,4,53,1,5,4,3,2,5,3,3
R00291,lansia,ibu_rumah_tangga,1,4,4,3,3,3,34,2,4,2,4,4,4,4,4
R00292,dewasa,pekerja_kantoran,3,4,3,5,2,5,57,3,4,4,1,5,3,3,3
R00293,dewasa,pekerja_kantoran,3,5,3,4,1,3,80,1,4,3,3,5,4,4,2
R00294,remaja,pelajar,2,4,4,2,3,3,55,2,4,3,4,4,5,5,5
R00295,dewasa,pekerja_informal,3,4,4,3,3,3,89,3,2,4,4,3,4,4,4
R00296,remaja,pelajar,3,4,3,3,3,4,97,3,4,2,5,4,4,4,4
R00297,dewasa,pekerja_kantoran,2,4,2,4,3,3,50,2,3,3,5,4,4,4,4
R00298,dewasa,pekerja_kantoran,4,4,2,4,4,3,63,4,4,5,2,3,4,5,2
R00299,anak,pelajar,1,3,4,2,3,3,113,5,1,2,3,3,4,5,4
R00300,dewasa,ibu_rumah_tangga,2,4,3,5,3,3,68,1,4,3,4,5,3,4,4
R00301,remaja,mahasiswa,2,3,3,4,3,5,51,3,4,3,5,3,4,4,5
R00302,dewasa,pekerja_kantoran,1,5,3,3,3,4,32,2,4,3,3,5,4,4,5
R00303,dewasa,pekerja_informal,1,5,3,4,4,3,84,1,3,3,2,5,5,4,3
R00304,dewasa,ibu_rumah_tangga,3,4,2,5,4,5,97,3,4,5,3,5,2,4,5
R00305,dewasa,pekerja_kantoran,3,4,5,4,5,2,58,2,4,3,3,3,5,3,3
R00306,dewasa,pekerja_kantoran,1,2,3,5,4,4,41,1,1,3,3,4,4,4,4
R00307,dewasa,pekerja_kantoran,4,5,3,5,5,3,50,1,4,3,1,3,3,4,3
R00308,dewasa,pekerja_kantoran,3,5,3,4,3,5,35,3,5,4,2,5,5,3,3
R00309,dewasa,pekerja_informal,4,4,2,3,3,5,51,1,4,5,3,3,3,4,4
R00310,dewasa,ibu_rumah_tangga,2,4,2,4,4,4,70,2,5,5,3,5,3,4,4
R00311,remaja,pelajar,1,1,2,4,4,4,48,4,4,3,4,2,4,4,5
R00312,dewasa,pekerja_kantoran,2,4,2,5,2,4,58,1,5,4,3,5,2,5,2
R00313,dewasa,pekerja_kantoran,1,3,4,3,4,4,62,2,4,4,4,4,4,4,5
R00314,anak,pelajar,3,2,2,4,2,3,101,4,3,5,2,4,5,3,5
R00315,lansia,pensiunan,3,3,3,5,3,4,54,3,3,5,4,3,5,4,4
R00316,remaja,pelajar,2,3,3,4,5,4,121,4,4,4,4,4,4,4,5
R00317,remaja,mahasiswa,2,4,3,4,2,2,49,2,4,2,3,5,4,3,5
R00318,remaja,mahasiswa,2,4,4,2,2,3,84,2,3,5,5,2,4,4,3
R00319,dewasa,pekerja_informal,2,4,2,4,4,3,62,3,3,3,2,3,4,4,3
R00320,dewasa,ibu_rumah_tangga,3,4,5,2,2,4,76,3,5,2,2,5,3,3,4
R00321,dewasa,pekerja_kantoran,1,4,2,5,4,3,42,2,5,1,4,4,4,4,4
R00322,dewasa,pekerja_informal,2,5,2,4,4,4,45,1,4,2,5,4,4,4,2
R00323,dewasa,pekerja_kantoran,3,4,3,3,5,4,46,3,4,3,3,4,4,4,5
R00324,dewasa,pekerja_kantoran,3,2,3,5,3,3,54,2,5,4,2,3,3,3,3
R00325,dewasa,pekerja_informal,1,2,2,3,4,4,41,2,4,2,3,5,4,4,5
R00326,anak,pelajar,1,3,5,3,3,3,72,5,3,4,3,2,3,4,4
R00327,lansia,pensiunan,3,4,3,4,5,4,69,2,3,3,4,4,4,5,3
R00328,remaja,pelajar,3,2,3,4,3,4,53,3,4,4,4,3,4,4,3
R00329,lansia,ibu_rumah_tangga,2,4,1,4,5,4,57,2,2,3,3,5,5,5,3
R00330,remaja,pelajar,1,3,3,5,5,3,49,2,3,4,3,3,5,4,3
R00331,dewasa,pekerja_kantoran,2,4,4,3,2,3,40,1,4,3,3,3,3,2,5
R00332,remaja,pelajar,2,3,4,5,4,4,52,3,3,4,5,4,4,4,3
R00333,anak,pelajar,2,4,3,3,4,5,97,4,4,3,4,4,5,5,3
R00334,lansia,pensiunan,2,3,4,4,4,5,46,2,3,4,2,3,4,3,4
R00335,remaja,mahasiswa,2,5,2,5,4,4,61,4,4,3,5,3,4,3,5
R00336,remaja,mahasiswa,2,3,4,3,5,5,83,3,4,3,4,4,3,5,4
R00337,dewasa,pekerja_kantoran,4,5,3,5,5,2,33,3,3,3,3,4,4,4,4
R00338,remaja,pelajar,2,4,4,3,4,5,68,3,5,4,4,5,4,2,3
R00339,remaja,pelajar,1,3,4,5,4,4,58,4,3,4,3,3,4,5,3
R00340,remaja,pelajar,3,5,5,4,3,4,61,3,3,2,4,5,3,4,5
R00341,dewasa,pekerja_informal,2,4,5,4,3,3,65,3,4,2,2,2,4,4,4
R00342,remaja,pelajar,2,2,2,3,4,4,43,3,5,4,4,4,4,3,5
R00343,dewasa,ibu_rumah_tangga,1,4,3,4,4,5,94,1,4,5,2,4,4,4,3
R00344,lansia,pensiunan,3,3,4,3,5,4,35,2,3,4,3,4,5,4,4
R00345,dewasa,ibu_rumah_tangga,1,4,2,4,3,4,99,1,2,5,4,4,3,4,3
R00346,dewasa,pekerja_kantoran,3,4,4,4,5,4,42,2,3,4,3,4,2,4,3
R00347,dewasa,pekerja_kantoran,3,5,4,3,3,4,57,2,4,4,1,4,4,3,3
R00348,lansia,pensiunan,3,4,2,3,4,4,63,4,4,5,2,3,5,3,4
R00349,dewasa,pekerja_kantoran,4,4,3,3,5,4,55,4,5,2,2,5,4,3,4
R00350,dewasa,pekerja_kantoran,1,2,3,4,3,4,36,2,2,2,3,5,4,4,4
R00351,dewasa,pekerja_kantoran,3,5,2,4,3,3,57,2,4,4,3,3,4,4,3
R00352,dewasa,pekerja_kantoran,3,4,4,3,2,4,42,2,5,3,5,3,5,3,4
R00353,dewasa,pekerja_informal,1,3,4,2,3,4,58,1,4,3,2,4,4,4,3
R00354,lansia,pensiunan,1,3,3,2,5,3,57,3,2,4,4,2,5,5,4
R00355,dewasa,pekerja_kantoran,3,3,3,4,4,3,37,2,4,3,5,3,4,4,4
R00356,dewasa,pekerja_kantoran,4,4,3,5,4,4,81,2,5,4,5,3,3,4,3
R00357,remaja,pelajar,1,2,2,3,3,3,86,1,4,5,4,3,4,5,5
R00358,dewasa,pekerja_kantoran,4,4,2,3,4,3,53,3,4,2,3,3,5,4,5
R00359,dewasa,pekerja_kantoran,4,4,3,3,3,4,110,2,3,3,2,5,3,5,5
R00360,remaja,pelajar,1,1,4,5,3,3,69,3,3,3,4,3,4,2,4
R00361,dewasa,pekerja_informal,2,3,3,3,3,4,70,2,5,3,4,5,5,4,4
R00362,remaja,mahasiswa,2,4,3,5,3,3,68,4,4,3,5,4,5,4,3
R00363,remaja,pelajar,2,3,2,3,5,3,77,2,3,4,5,3,3,4,4
R00364,anak,pelajar,2,4,2,3,3,4,94,5,4,1,2,3,4,5,3
R00365,lansia,pensiunan,3,4,3,3,3,4,68,3,3,5,3,3,5,3,3
R00366,dewasa,ibu_rumah_tangga,3,5,5,2,5,3,108,2,5,4,3,4,3,4,4
R00367,lansia,pensiunan,2,3,2,3,5,5,55,3,3,4,3,3,5,2,2
R00368,remaja,pelajar,2,2,4,4,4,4,82,4,4,3,3,4,4,4,4
R00369,dewasa,pekerja_kantoran,4,5,5,4,3,4,62,3,3,4,4,5,3,5,4
R00370,dewasa,pekerja_kantoran,2,4,5,4,4,4,45,1,3,4,5,4,3,5,4
R00371,remaja,pelajar,2,2,5,3,2,4,93,3,5,3,5,2,4,5,3
R00372,dewasa,pekerja_informal,4,3,3,2,3,4,70,2,3,4,4,3,4,4,4
R00373,dewasa,ibu_rumah_tangga,4,4,3,3,4,4,63,3,3,4,4,4,4,4,2
R00374,dewasa,pekerja_kantoran,1,5,4,5,4,3,49,2,4,2,4,3,4,4,4
R00375,remaja,mahasiswa,3,1,3,4,5,2,60,3,3,4,4,4,4,5,3
R00376,dewasa,pekerja_kantoran,3,4,2,4,3,4,42,1,4,4,5,4,4,5,4
R00377,dewasa,pekerja_kantoran,2,4,3,3,4,2,32,4,3,3,3,4,3,4,4
R00378,lansia,pensiunan,2,5,3,4,5,5,21,2,4,4,3,4,5,4,4
R00379,remaja,mahasiswa,2,3,5,3,4,5,73,4,4,4,5,4,4,5,4
R00380,remaja,mahasiswa,3,3,3,3,3,5,69,4,4,4,5,4,5,5,4
R00381,lansia,pensiunan,3,4,5,3,5,5,22,1,3,4,5,3,4,4,5
R00382,lansia,pensiunan,2,5,1,3,5,4,42,2,3,4,2,4,4,3,5
R00383,lansia,pensiunan,1,5,4,4,4,5,35,3,1,4,3,3,5,5,4
R00384,lansia,pensiunan,3,4,1,3,4,4,38,2,1,2,3,4,5,2,4
R00385,remaja,pelajar,3,2,3,5,3,4,59,5,3,2,4,4,5,3,3
R00386,remaja,mahasiswa,2,1,4,4,4,4,79,4,3,5,4,4,4,4,4
R00387,dewasa,pekerja_informal,2,5,2,4,3,5,85,1,3,2,5,4,4,4,3
R00388,anak,pelajar,2,1,3,2,2,1,93,5,3,5,4,3,5,4,4
R00389,anak,pelajar,2,3,3,3,3,3,42,5,2,5,3,2,4,4,4
R00390,dewasa,ibu_rumah_tangga,1,5,2,4,4,3,85,1,5,4,4,2,3,4,3
R00391,remaja,mahasiswa,2,3,3,4,3,4,51,4,4,4,5,4,4,5,4
R00392,dewasa,pekerja_informal,1,3,4,3,4,3,44,2,4,2,4,4,3,5,5
R00393,lansia,pensiunan,3,4,4,3,3,4,60,1,4,4,3,3,5,3,4
R00394,dewasa,pekerja_kantoran,4,4,4,5,4,3,65,1,5,3,2,5,5,4,4
R00395,dewasa,pekerja_kantoran,3,4,3,3,3,4,46,1,3,3,3,5,5,4,4
R00396,remaja,pelajar,2,3,4,3,5,4,71,2,2,2,4,3,4,5,4
R00397,dewasa,pekerja_informal,4,5,3,5,2,3,105,4,4,5,4,3,4,3,4
R00398,remaja,mahasiswa,1,4,3,5,3,3,75,2,3,4,3,5,3,4,5
R00399,dewasa,pekerja_kantoran,5,3,4,4,4,4,41,3,4,3,3,3,4,3,3
R00400,dewasa,pekerja_kantoran,2,4,4,5,3,3,36,2,4,4,4,2,3,5,4
R00401,dewasa,pekerja_kantoran,5,2,4,4,4,4,53,2,5,3,3,5,3,4,5
R00402,dewasa,ibu_rumah_tangga,4,4,2,3,3,2,81,4,4,3,3,4,2,5,4
R00403,dewasa,pekerja_kantoran,1,3,4,2,4,3,47,2,4,2,3,3,4,4,3
R00404,lansia,ibu_rumah_tangga,3,3,4,4,4,5,61,2,4,4,4,3,3,3,2
R00405,dewasa,pekerja_kantoran,5,4,3,4,4,5,64,2,4,4,3,4,4,3,2
R00406,dewasa,pekerja_informal,1,4,3,1,4,4,59,3,4,2,3,3,4,3,4
R00407,remaja,pelajar,3,4,4,5,3,5,80,4,3,5,4,4,4,4,3
R00408,dewasa,pekerja_kantoran,1,5,3,4,4,3,49,3,4,5,2,4,4,4,4
R00409,dewasa,pekerja_kantoran,2,4,3,4,4,3,75,2,5,4,1,2,4,4,5
R00410,anak,pelajar,3,1,3,3,3,5,85,5,2,4,2,4,3,4,4
R00411,remaja,mahasiswa,3,5,4,4,4,3,71,3,3,4,4,3,3,3,4
R00412,dewasa,pekerja_kantoran,3,4,1,5,2,2,25,1,4,4,4,5,4,4,4
R00413,remaja,mahasiswa,1,3,4,4,5,4,86,4,3,4,5,3,2,4,5
R00414,dewasa,pekerja_kantoran,3,4,3,3,4,4,55,3,3,4,4,4,4,3,4
R00415,remaja,pelajar,1,3,3,5,3,3,88,4,4,3,4,2,4,4,3
R00416,remaja,pelajar,3,4,3,5,4,5,71,2,3,2,4,3,3,4,2
R00417,dewasa,pekerja_kantoran,3,5,2,4,3,4,73,1,5,3,3,4,5,3,4
R00418,dewasa,pekerja_kantoran,4,3,3,4,4,3,58,3,3,5,2,4,4,4,2
R00419,dewasa,ibu_rumah_tangga,1,5,3,3,5,4,84,2,2,4,4,4,3,5,4
R00420,dewasa,pekerja_kantoran,4,4,3,5,4,4,30,1,4,3,2,3,4,5,4
R00421,dewasa,pekerja_kantoran,4,5,4,5,3,4,59,3,4,4,3,5,3,5,2
R00422,remaja,pelajar,2,2,3,5,4,2,87,4,3,4,4,3,4,5,4
R00423,dewasa,pekerja_informal,2,2,4,1,5,4,81,3,5,5,4,4,5,5,4
R00424,dewasa,pekerja_kantoran,3,5,2,3,4,3,77,2,4,3,3,5,5,4,3
R00425,lansia,ibu_rumah_tangga,2,3,2,4,3,3,36,3,2,5,4,4,5,3,4
R00426,dewasa,ibu_rumah_tangga,2,4,3,2,4,5,72,2,4,5,2,5,4,4,5
R00427,anak,pelajar,1,3,3,1,2,5,82,4,4,3,1,2,4,4,4
R00428,dewasa,pekerja_kantoran,4,3,4,4,3,5,51,1,5,3,3,3,4,5,2
R00429,anak,pelajar,1,2,3,4,2,3,58,5,1,4,4,1,4,5,5
R00430,lansia,pensiunan,2,4,4,5,4,4,28,3,3,4,3,4,5,4,5
R00431,dewasa,pekerja_kantoran,4,4,3,5,2,4,41,4,4,2,3,3,4,4,4
R00432,dewasa,pekerja_kantoran,2,5,4,4,2,5,69,2,5,2,3,5,4,2,5
R00433,dewasa,pekerja_informal,3,3,2,3,4,3,88,2,5,3,3,5,3,5,3
R00434,lansia,pensiunan,3,4,2,4,3,4,45,4,2,5,3,4,3,3,3
R00435,remaja,mahasiswa,3,2,4,3,4,4,79,4,3,3,4,3,3,4,5
R00436,dewasa,pekerja_informal,2,4,3,3,4,2,28,3,3,5,2,3,3,5,3
R00437,remaja,mahasiswa,1,3,5,5,5,3,78,3,4,3,4,5,4,3,3
R00438,dewasa,pekerja_kantoran,3,5,4,5,4,4,63,1,5,5,4,4,4,4,2
R00439,lansia,pensiunan,3,4,5,3,5,3,39,2,3,4,2,4,4,4,4
R00440,dewasa,pekerja_kantoran,4,4,3,4,4,3,65,2,3,4,4,3,4,4,5
R00441,lansia,ibu_rumah_tangga,1,5,3,4,4,4,64,1,2,4,5,4,5,3,4
R00442,dewasa,pekerja_informal,2,4,2,4,4,4,95,1,4,4,4,3,3,2,4
R00443,anak,pelajar,1,3,3,3,4,4,85,5,3,4,4,4,2,4,3
R00444,dewasa,pekerja_kantoran,5,3,3,4,4,3,45,3,4,5,3,4,4,4,4
R00445,dewasa,pekerja_kantoran,3,4,2,3,2,4,75,2,4,3,5,5,3,2,5
R00446,dewasa,ibu_rumah_tangga,4,3,4,2,4,5,124,2,4,3,3,2,2,2,4
R00447,dewasa,ibu_rumah_tangga,2,3,4,4,4,5,20,1,4,5,2,4,3,2,4
R00448,dewasa,pekerja_kantoran,3,4,2,5,3,5,71,3,4,3,4,5,3,4,4
R00449,dewasa,ibu_rumah_tangga,1,5,3,3,4,3,66,4,3,4,3,4,2,4,2
R00450,dewasa,pekerja_kantoran,4,4,3,4,4,5,62,3,4,3,3,3,4,4,5
R00451,dewasa,pekerja_kantoran,2,3,3,5,5,5,75,1,4,5,3,4,5,4,3
R00452,dewasa,pekerja_informal,3,4,3,5,3,3,62,2,5,2,2,2,5,3,4
R00453,dewasa,pekerja_kantoran,2,4,3,5,4,3,43,2,3,4,2,3,4,4,3
R00454,remaja,mahasiswa,3,3,4,5,3,4,62,5,4,3,3,3,4,3,5
R00455,lansia,ibu_rumah_tangga,3,4,3,2,5,5,53,2,3,4,3,3,5,4,3
R00456,dewasa,pekerja_informal,4,3,4,4,5,4,82,2,2,4,4,3,2,4,2
R00457,lansia,pensiunan,2,3,4,4,3,3,63,1,3,4,3,2,4,3,4
R00458,dewasa,pekerja_kantoran,4,5,3,5,3,5,61,2,4,5,4,3,4,4,4
R00459,dewasa,pekerja_informal,2,3,5,4,4,3,86,1,5,4,4,4,4,5,4
R00460,dewasa,pekerja_kantoran,2,4,4,5,4,4,30,2,4,3,2,2,3,4,3
R00461,anak,pelajar,3,3,2,2,3,4,52,5,4,5,3,4,3,4,3
R00462,anak,pelajar,3,4,3,3,4,5,66,3,2,3,2,2,5,3,5
R00463,dewasa,pekerja_kantoran,5,4,4,5,3,3,54,2,4,3,4,4,4,3,3
R00464,lansia,ibu_rumah_tangga,2,4,3,4,3,3,63,3,3,5,3,1,4,3,4
R00465,remaja,pelajar,1,4,3,4,3,3,59,3,3,2,4,3,3,4,4
R00466,remaja,pelajar,1,2,4,5,4,4,97,2,5,4,3,5,4,5,3
R00467,remaja,mahasiswa,3,3,4,4,3,4,79,3,2,4,3,5,3,3,3
R00468,remaja,pelajar,1,5,5,5,3,4,34,4,5,4,4,5,3,4,4
R00469,lansia,ibu_rumah_tangga,3,3,4,4,4,5,51,3,3,4,2,4,5,4,3
R00470,dewasa,ibu_rumah_tangga,4,5,2,4,4,4,75,3,3,2,4,3,4,5,3
R00471,dewasa,ibu_rumah_tangga,2,3,3,5,5,4,89,3,3,5,2,5,4,4,3
R00472,dewasa,pekerja_kantoran,1,5,3,4,4,2,45,2,3,4,3,4,3,4,2
R00473,remaja,pelajar,2,3,4,5,3,4,96,2,5,4,5,4,4,3,4
R00474,dewasa,ibu_rumah_tangga,4,3,2,3,4,4,76,2,5,5,3,3,3,3,5
R00475,dewasa,pekerja_kantoran,2,4,3,4,2,4,45,3,5,2,4,3,4,3,4
R00476,dewasa,ibu_rumah_tangga,3,3,3,2,5,2,88,3,5,5,5,3,4,4,4
R00477,dewasa,pekerja_informal,1,3,3,4,4,4,45,3,3,5,4,4,5,3,4
R00478,dewasa,pekerja_informal,4,5,4,3,3,5,79,1,4,5,3,5,3,4,4
R00479,remaja,pelajar,2,3,3,5,3,4,76,3,3,4,3,4,4,4,3
R00480,lansia,pensiunan,1,4,2,5,5,5,64,2,1,4,4,3,4,4,3
R00481,lansia,pensiunan,1,3,4,1,5,5,67,3,3,4,2,4,3,5,2
R00482,dewasa,ibu_rumah_tangga,4,3,3,2,4,4,98,1,4,4,4,4,4,3,4
R00483,dewasa,pekerja_kantoran,5,3,5,5,3,4,41,2,4,4,2,4,4,5,4
R00484,lansia,pensiunan,2,5,4,2,5,3,53,3,3,4,3,2,3,3,4
R00485,dewasa,pekerja_kantoran,3,5,3,4,3,5,79,3,4,3,3,3,2,5,4
R00486,dewasa,pekerja_kantoran,5,3,2,5,4,2,88,1,3,2,3,4,4,5,3
R00487,dewasa,ibu_rumah_tangga,1,4,4,5,4,4,132,2,4,4,4,2,5,5,4
R00488,dewasa,pekerja_informal,3,2,3,3,3,4,58,2,5,4,2,4,4,4,4
R00489,dewasa,ibu_rumah_tangga,2,5,3,3,3,4,103,3,5,4,3,5,4,4,4
R00490,lansia,ibu_rumah_tangga,3,5,5,3,4,5,59,2,4,5,5,4,4,4,3
R00491,lansia,pensiunan,2,3,3,3,5,3,83,3,1,4,4,3,3,4,5
R00492,remaja,pelajar,3,5,4,4,4,5,71,4,4,4,5,4,4,5,4
R00493,remaja,pelajar,2,2,4,5,4,4,30,3,5,4,5,3,4,4,4
R00494,dewasa,pekerja_kantoran,4,3,2,3,3,5,74,2,3,3,3,5,4,3,3
R00495,lansia,pensiunan,2,4,2,2,5,4,67,4,5,4,4,4,4,4,4
R00496,dewasa,pekerja_kantoran,3,2,2,4,4,3,21,4,5,2,3,4,4,4,5
R00497,dewasa,pekerja_informal,3,4,2,3,4,4,57,3,5,5,5,2,4,4,3
R00498,dewasa,pekerja_kantoran,5,3,4,4,3,3,72,2,4,3,3,4,4,3,4
R00499,dewasa,ibu_rumah_tangga,4,4,2,4,5,5,98,1,3,4,3,4,4,3,5
R00500,remaja,pelajar,1,3,3,4,4,3,52,3,4,3,3,4,5,4,5
R00501,remaja,pelajar,1,3,3,5,3,2,74,4,4,4,5,4,3,2,2
R00502,dewasa,pekerja_kantoran,4,3,2,4,4,4,52,3,5,5,2,3,5,4,3
R00503,lansia,pensiunan,2,2,5,3,5,4,32,3,4,5,4,2,4,5,4
R00504,dewasa,pekerja_kantoran,4,4,3,4,5,3,50,2,5,3,4,4,5,4,4
R00505,dewasa,pekerja_kantoran,3,5,1,5,3,4,69,1,4,4,5,4,4,5,2
R00506,dewasa,pekerja_informal,2,2,3,4,4,4,46,4,4,5,3,5,3,4,4
R00507,dewasa,ibu_rumah_tangga,4,4,4,4,4,4,81,2,5,2,4,3,3,3,4
R00508,remaja,pelajar,1,3,4,5,4,3,40,2,3,3,3,4,5,4,3
R00509,dewasa,pekerja_informal,4,4,2,4,4,5,59,3,5,5,3,5,2,5,4
R00510,dewasa,ibu_rumah_tangga,4,4,3,3,3,3,89,2,3,5,4,2,3,4,3
R00511,remaja,pelajar,1,3,2,3,4,5,73,4,3,3,5,3,4,3,4
R00512,remaja,pelajar,3,3,3,4,3,4,57,4,4,3,5,3,4,4,3
R00513,dewasa,ibu_rumah_tangga,2,4,3,3,4,5,62,3,3,3,5,3,3,5,4
R00514,remaja,pelajar,3,4,3,5,5,4,71,3,4,3,3,4,3,5,3
R00515,dewasa,pekerja_informal,2,4,3,2,4,3,51,1,4,3,5,4,4,4,4
R00516,dewasa,pekerja_kantoran,2,5,4,5,5,2,63,1,4,3,5,3,4,4,3
R00517,anak,pelajar,2,3,4,3,4,3,95,4,2,3,2,2,4,3,4
R00518,dewasa,pekerja_kantoran,3,3,1,5,5,4,58,4,3,4,4,3,3,5,4
R00519,anak,pelajar,1,3,2,3,3,4,102,4,3,4,2,3,4,3,4
R00520,dewasa,pekerja_kantoran,4,3,5,5,4,4,44,3,5,4,3,3,5,4,5
R00521,dewasa,pekerja_kantoran,2,3,3,5,3,4,42,2,3,5,3,2,5,4,4
R00522,dewasa,ibu_rumah_tangga,1,2,3,4,3,3,52,1,4,5,4,3,4,3,4
R00523,remaja,pelajar,3,3,3,3,4,4,36,3,3,4,5,2,2,3,3
R00524,dewasa,pekerja_kantoran,2,4,4,4,4,4,50,2,5,4,4,3,4,4,4
R00525,dewasa,pekerja_kantoran,2,5,3,4,4,3,81,2,5,3,4,4,5,4,5
R00526,anak,pelajar,3,2,2,3,3,4,77,5,4,3,2,4,5,5,3
R00527,remaja,pelajar,2,1,3,5,3,4,63,2,4,3,4,4,3,5,4
R00528,dewasa,pekerja_kantoran,4,2,4,5,2,3,43,3,3,3,2,3,3,3,4
R00529,lansia,pensiunan,2,4,3,5,5,3,60,1,3,5,2,3,5,5,4
R00530,dewasa,pekerja_kantoran,5,3,3,5,3,3,49,3,4,3,4,4,4,5,5
R00531,anak,pelajar,1,1,3,4,4,5,60,3,2,3,2,5,3,4,3
R00532,remaja,pelajar,3,3,2,4,5,4,59,3,4,4,5,3,4,5,3
R00533,dewasa,pekerja_kantoran,2,3,5,3,3,5,47,1,4,4,3,4,5,5,3
R00534,anak,pelajar,2,3,3,3,3,4,51,5,2,3,4,4,3,5,4
R00535,dewasa,pekerja_kantoran,2,5,3,5,5,5,78,2,5,3,2,5,4,4,5
R00536,anak,pelajar,1,3,2,3,5,4,69,5,3,3,3,4,4,4,4
R00537,lansia,ibu_rumah_tangga,3,4,4,4,4,2,51,3,3,3,3,3,4,4,3
R00538,dewasa,pekerja_kantoran,2,4,3,5,4,5,70,2,4,4,4,3,4,3,5
R00539,dewasa,pekerja_kantoran,5,5,2,5,3,3,56,3,4,4,3,5,4,3,4
R00540,remaja,mahasiswa,3,4,4,5,5,4,60,4,4,2,3,3,4,4,5
R00541,dewasa,pekerja_kantoran,3,4,2,4,3,4,47,2,3,5,3,4,4,3,3
R00542,remaja,pelajar,3,2,5,3,4,3,79,4,3,4,5,3,4,4,5
R00543,dewasa,pekerja_kantoran,4,5,2,4,4,3,65,2,3,3,4,3,5,3,2
R00544,lansia,pensiunan,1,4,4,5,4,5,57,4,3,5,2,2,5,5,3
R00545,dewasa,pekerja_kantoran,1,4,3,3,4,3,51,3,5,4,4,4,3,4,4
R00546,lansia,pensiunan,1,5,5,3,5,4,66,4,3,4,2,5,3,5,4
R00547,lansia,pensiunan,2,5,2,3,4,3,43,2,1,4,3,3,5,4,4
R00548,dewasa,pekerja_informal,4,3,2,3,3,4,90,3,5,4,3,4,3,4,4
R00549,dewasa,ibu_rumah_tangga,4,3,3,2,5,3,103,2,4,4,2,4,3,5,3
R00550,remaja,mahasiswa,3,5,4,2,1,3,43,3,2,4,5,3,5,4,5
R00551,dewasa,pekerja_kantoran,2,3,4,4,4,4,57,3,4,4,4,4,4,3,4
R00552,dewasa,ibu_rumah_tangga,1,4,4,5,4,4,107,2,3,4,3,5,4,5,4
R00553,dewasa,ibu_rumah_tangga,3,5,2,4,4,3,106,2,4,3,2,2,5,5,2
R00554,dewasa,pekerja_kantoran,3,2,3,4,3,5,45,3,5,4,1,3,4,4,3
R00555,dewasa,pekerja_informal,2,4,4,3,5,3,68,2,3,3,3,4,4,3,5
R00556,remaja,mahasiswa,2,3,2,4,3,4,77,2,3,3,5,4,4,5,5
R00557,dewasa,pekerja_informal,3,5,5,3,4,3,58,2,5,4,4,3,3,4,4
R00558,remaja,pelajar,2,3,3,3,4,4,79,3,4,4,4,4,4,3,4
R00559,remaja,pelajar,2,1,4,3,4,4,76,4,4,3,5,4,5,4,3
R00560,dewasa,pekerja_informal,4,3,1,3,3,3,94,2,4,4,2,3,5,4,4
R00561,dewasa,ibu_rumah_tangga,4,3,2,4,5,4,99,2,4,4,3,5,4,5,4
R00562,dewasa,pekerja_kantoran,4,4,4,5,3,4,50,2,5,4,3,5,4,3,5
R00563,anak,pelajar,1,1,3,3,4,5,105,4,1,3,3,1,4,4,3
R00564,lansia,pensiunan,1,4,4,3,5,3,86,4,2,4,5,3,5,4,3
R00565,remaja,pelajar,1,3,3,3,4,5,83,4,4,5,4,2,4,3,5
R00566,dewasa,pekerja_informal,4,5,4,4,3,4,82,2,4,3,4,3,4,3,4
R00567,anak,pelajar,2,3,3,3,3,5,81,5,3,4,3,4,4,4,3
R00568,dewasa,pekerja_informal,2,4,3,2,2,3,67,4,5,4,5,3,2,3,3
R00569,lansia,pensiunan,3,5,3,3,5,4,56,3,4,4,1,3,3,4,5
R00570,remaja,mahasiswa,3,3,4,4,4,3,57,3,4,4,3,4,3,4,4
R00571,remaja,pelajar,1,3,3,5,3,3,79,4,5,3,4,4,4,4,4
R00572,anak,pelajar,1,1,3,3,4,5,50,4,4,4,4,4,3,4,5
R00573,remaja,pelajar,3,3,3,4,3,4,66,3,4,4,4,3,5,3,5
R00574,anak,pelajar,1,4,3,3,3,4,103,5,3,3,3,4,3,3,4
R00575,lansia,pensiunan,3,5,3,2,4,5,77,2,4,5,4,2,3,4,5
R00576,lansia,pensiunan,3,4,3,4,3,5,47,2,3,5,3,2,4,4,1
R00577,anak,pelajar,2,4,5,4,3,4,81,4,3,2,3,3,3,5,5
R00578,dewasa,ibu_rumah_tangga,2,4,3,3,3,4,54,3,4,5,2,4,3,3,3
R00579,anak,pelajar,2,1,1,4,2,4,70,4,3,3,3,2,4,5,5
R00580,remaja,pelajar,2,3,4,5,5,3,71,4,3,3,4,3,4,5,3
R00581,dewasa,ibu_rumah_tangga,1,2,4,3,2,4,90,1,4,4,3,3,4,4,4
R00582,anak,pelajar,3,3,4,3,3,3,73,5,1,4,5,3,4,4,4
R00583,remaja,pelajar,2,3,4,3,4,4,82,3,5,2,3,3,4,4,3
R00584,remaja,pelajar,1,2,5,3,5,4,63,3,2,4,5,4,4,4,5
R00585,dewasa,pekerja_kantoran,2,5,4,4,4,4,39,2,4,4,2,5,3,4,5
R00586,dewasa,ibu_rumah_tangga,2,4,3,2,4,5,83,1,4,4,2,3,4,3,2
R00587,anak,pelajar,2,2,3,4,4,4,88,5,1,3,3,4,3,5,2
R00588,anak,pelajar,1,2,4,4,3,4,67,5,3,3,2,3,4,4,5
R00589,dewasa,ibu_rumah_tangga,4,5,4,4,3,3,87,4,5,4,4,5,4,2,5
R00590,dewasa,pekerja_informal,2,5,2,4,4,4,84,2,3,4,2,4,4,4,3
R00591,remaja,pelajar,3,2,2,4,3,3,56,3,1,2,3,3,3,4,4
R00592,remaja,pelajar,1,3,3,4,4,3,62,2,2,4,4,2,4,3,4
R00593,dewasa,pekerja_kantoran,3,3,3,3,3,3,59,2,3,4,3,5,4,3,2
R00594,dewasa,pekerja_informal,4,5,4,5,3,4,27,4,4,4,3,3,4,3,5
R00595,remaja,mahasiswa,3,3,4,4,4,3,75,2,5,3,5,2,4,4,5
R00596,dewasa,pekerja_kantoran,3,4,4,4,5,5,51,3,3,3,2,4,3,5,3
R00597,dewasa,ibu_rumah_tangga,2,5,3,3,3,2,71,2,5,5,4,3,4,4,4
R00598,anak,pelajar,1,5,3,3,4,5,105,5,3,2,4,1,4,4,3
R00599,dewasa,ibu_rumah_tangga,2,5,3,4,4,3,66,1,3,5,3,5,4,3,3
R00600,dewasa,pekerja_kantoran,2,5,3,5,3,5,64,2,3,4,3,5,4,5,4
R00601,anak,pelajar,2,3,3,3,3,5,60,5,4,3,5,4,4,5,4
R00602,remaja,pelajar,3,3,3,4,5,4,89,4,2,5,5,4,3,3,5
R00603,dewasa,pekerja_kantoran,2,4,3,4,5,3,48,2,5,5,4,3,3,5,5
R00604,dewasa,pekerja_kantoran,3,5,3,4,4,4,76,1,4,3,3,3,4,3,5
R00605,dewasa,pekerja_kantoran,4,2,3,4,3,5,54,2,3,3,3,3,4,2,2
R00606,dewasa,pekerja_kantoran,4,4,2,4,3,4,41,1,4,2,1,5,5,5,3
R00607,dewasa,pekerja_kantoran,3,4,3,4,3,4,59,1,5,3,4,5,3,4,2
R00608,dewasa,pekerja_kantoran,5,5,3,5,3,5,51,3,4,4,3,3,5,3,4
R00609,dewasa,pekerja_kantoran,3,4,3,5,4,3,65,1,4,4,2,4,4,4,3
R00610,anak,pelajar,2,4,5,5,3,4,107,5,1,3,3,2,4,4,5
R00611,dewasa,pekerja_kantoran,1,4,3,4,4,5,85,1,5,4,4,4,4,5,2
R00612,lansia,ibu_rumah_tangga,3,4,4,3,5,4,54,3,3,4,3,4,5,4,4
R00613,lansia,pensiunan,1,3,2,3,3,5,60,1,2,3,3,4,5,4,4
R00614,dewasa,ibu_rumah_tangga,1,5,2,3,4,2,105,3,5,4,3,3,3,4,3
R00615,dewasa,pekerja_kantoran,3,5,2,5,3,3,50,1,4,4,1,5,3,4,4
R00616,dewasa,pekerja_informal,2,4,3,4,4,2,88,1,1,5,3,4,4,4,4
R00617,remaja,pelajar,2,2,2,4,3,5,52,4,3,4,4,4,4,4,3
R00618,remaja,pelajar,1,4,3,5,3,5,101,2,3,4,5,2,4,4,5
R00619,remaja,pelajar,1,3,3,4,3,3,72,2,4,2,4,3,4,4,3
R00620,remaja,pelajar,1,3,5,4,3,4,65,3,4,4,5,3,3,4,2
R00621,dewasa,ibu_rumah_tangga,1,5,2,1,2,4,63,2,3,4,4,4,4,3,4
R00622,dewasa,pekerja_kantoran,3,4,4,3,4,4,48,2,5,3,3,2,2,3,3
R00623,dewasa,pekerja_informal,1,3,4,3,4,4,32,2,4,4,4,4,5,4,5
R00624,remaja,pelajar,2,5,4,3,3,3,54,3,4,4,4,4,5,5,4
R00625,anak,pelajar,1,1,4,3,3,3,68,3,2,4,3,2,4,5,4
R00626,anak,pelajar,3,3,4,4,5,3,77,5,3,4,2,3,4,5,2
R00627,dewasa,ibu_rumah_tangga,3,5,3,3,5,2,51,3,5,3,4,4,4,5,4
R00628,dewasa,pekerja_kantoran,3,2,4,5,4,3,48,4,3,4,2,3,4,3,2
R00629,dewasa,pekerja_kantoran,3,5,4,3,3,4,79,3,3,4,4,5,3,3,3
R00630,anak,pelajar,3,4,3,3,4,4,89,5,1,4,3,4,5,3,2
R00631,remaja,mahasiswa,1,1,3,3,3,3,63,3,2,4,4,4,5,3,5
R00632,dewasa,ibu_rumah_tangga,2,4,3,3,4,4,67,2,3,5,4,4,4,4,3
R00633,dewasa,pekerja_kantoran,4,3,4,4,3,3,57,3,5,4,3,3,4,4,5
R00634,remaja,pelajar,2,2,2,4,3,3,82,3,4,2,5,4,3,2,3
R00635,lansia,ibu_rumah_tangga,1,4,2,4,5,4,80,1,3,4,4,2,5,3,4
R00636,dewasa,pekerja_kantoran,1,4,4,5,3,4,76,3,4,2,3,4,5,3,3
R00637,dewasa,pekerja_kantoran,4,5,3,5,3,4,47,2,3,2,3,4,4,5,4
R00638,dewasa,pekerja_informal,1,3,3,5,4,3,60,2,2,3,3,4,4,4,3
R00639,dewasa,ibu_rumah_tangga,1,5,3,4,3,4,128,2,3,5,2,5,5,3,5
R00640,remaja,pelajar,1,4,5,4,4,4,78,3,5,3,5,4,4,3,4
R00641,anak,pelajar,2,2,3,2,3,4,80,2,4,3,4,2,5,4,2
R00642,dewasa,pekerja_kantoran,3,4,4,5,4,4,28,2,5,4,3,3,5,5,4
R00643,dewasa,pekerja_kantoran,1,4,2,4,2,4,40,2,4,5,4,4,5,3,2
R00644,dewasa,pekerja_kantoran,3,5,2,5,5,3,51,2,5,3,3,5,4,3,3
R00645,dewasa,ibu_rumah_tangga,1,4,2,2,3,3,56,2,2,5,4,5,3,3,4
R00646,lansia,ibu_rumah_tangga,2,4,4,3,3,5,55,4,1,4,2,5,5,5,4
R00647,dewasa,pekerja_kantoran,4,5,3,5,3,3,46,3,5,4,4,4,4,4,3
R00648,dewasa,pekerja_informal,1,4,4,4,4,4,63,1,4,5,3,4,2,5,3
R00649,anak,pelajar,1,4,4,3,3,4,77,5,2,4,3,4,5,3,5
R00650,dewasa,pekerja_informal,1,3,2,4,5,4,60,3,3,5,2,5,3,4,3
R00651,remaja,pelajar,2,3,3,3,4,3,58,3,2,3,5,2,4,3,5
R00652,dewasa,pekerja_kantoran,5,3,2,4,5,4,43,4,2,4,3,4,3,4,4
R00653,dewasa,ibu_rumah_tangga,4,5,2,3,3,2,89,1,4,3,4,4,4,4,5
R00654,dewasa,pekerja_informal,3,5,4,5,3,3,87,3,2,3,1,5,3,3,5
R00655,anak,pelajar,2,5,4,3,1,3,67,5,3,4,3,3,3,5,3
R00656,remaja,pelajar,1,1,2,3,4,4,85,4,3,3,4,5,3,4,5
R00657,dewasa,pekerja_kantoran,3,3,3,2,3,4,67,2,4,5,3,4,4,4,3
R00658,dewasa,pekerja_informal,1,5,2,4,4,5,83,2,5,3,3,5,4,4,3
R00659,dewasa,pekerja_kantoran,1,5,4,3,5,4,51,2,5,3,3,5,3,4,4
R00660,lansia,pensiunan,1,3,4,3,5,3,58,1,2,5,3,3,5,4,2
R00661,dewasa,pekerja_kantoran,2,4,4,5,4,3,64,2,4,2,3,5,5,3,5
R00662,remaja,pelajar,3,2,4,3,4,4,103,4,3,5,5,2,5,4,4
R00663,dewasa,ibu_rumah_tangga,4,5,3,4,4,4,77,2,3,3,3,4,4,2,3
R00664,dewasa,pekerja_kantoran,4,5,4,4,3,4,72,3,4,5,3,4,2,5,3
R00665,remaja,pelajar,2,3,2,4,3,4,99,3,4,4,3,5,4,4,2
R00666,dewasa,ibu_rumah_tangga,4,4,3,3,4,5,78,2,3,4,4,2,4,4,2
R00667,dewasa,pekerja_informal,3,1,4,2,2,4,50,2,5,5,3,3,4,5,3
R00668,dewasa,pekerja_kantoran,3,4,3,4,4,2,51,2,3,3,5,4,4,3,4
R00669,dewasa,pekerja_kantoran,5,2,3,4,4,3,66,3,4,1,2,4,5,4,5
R00670,dewasa,pekerja_kantoran,5,5,4,4,4,3,51,2,5,4,3,5,3,5,5
R00671,dewasa,ibu_rumah_tangga,4,4,3,3,3,3,58,3,4,3,3,4,5,4,3
R00672,dewasa,ibu_rumah_tangga,3,4,4,4,4,4,71,4,5,3,2,4,4,5,4
R00673,dewasa,pekerja_kantoran,4,3,4,5,3,4,33,3,3,5,4,3,5,3,3
R00674,dewasa,pekerja_kantoran,3,4,2,3,4,4,70,2,2,2,3,4,3,4,5
R00675,dewasa,ibu_rumah_tangga,1,5,2,4,3,5,69,1,4,3,4,4,4,3,3
R00676,remaja,pelajar,1,2,4,4,4,3,56,2,4,3,3,4,3,3,4
R00677,dewasa,pekerja_informal,4,3,3,4,5,2,59,2,3,4,2,4,4,3,2
R00678,dewasa,pekerja_kantoran,5,5,5,5,3,5,61,2,2,5,2,5,4,3,3
R00679,dewasa,pekerja_informal,3,3,1,4,3,3,85,1,4,3,4,3,4,4,3
R00680,remaja,pelajar,3,2,3,3,4,3,110,1,2,3,4,3,4,4,3
R00681,dewasa,pekerja_kantoran,2,5,3,5,5,3,63,3,5,3,4,4,5,4,2
R00682,dewasa,ibu_rumah_tangga,4,4,2,2,2,4,51,3,5,4,3,3,5,5,4
R00683,dewasa,ibu_rumah_tangga,2,3,2,4,4,3,57,2,5,3,5,4,5,4,4
R00684,dewasa,pekerja_kantoran,3,3,3,5,3,4,47,3,3,3,2,5,3,3,4
R00685,lansia,pensiunan,1,4,3,3,5,4,57,2,1,5,3,3,3,4,4
R00686,dewasa,pekerja_informal,1,4,2,3,4,4,60,4,5,2,4,4,4,3,5
R00687,anak,pelajar,2,3,4,4,3,5,96,4,3,3,4,2,3,4,4
R00688,lansia,pensiunan,3,3,3,4,5,5,43,2,4,3,3,2,3,4,3
R00689,dewasa,pekerja_kantoran,5,4,3,5,4,5,20,2,5,2,4,4,4,4,4
R00690,dewasa,pekerja_kantoran,2,4,3,4,4,3,42,2,4,4,4,4,4,4,2
R00691,anak,pelajar,1,1,5,4,5,4,88,4,4,3,4,4,4,4,3
R00692,dewasa,ibu_rumah_tangga,4,5,3,4,5,5,111,1,5,3,2,3,4,4,5
R00693,dewasa,pekerja_kantoran,2,5,3,5,3,3,48,1,4,5,4,5,3,4,3
R00694,anak,pelajar,2,3,3,4,4,4,100,5,3,3,4,4,4,3,4
R00695,remaja,pelajar,2,4,4,4,3,4,68,3,3,3,4,4,3,3,3
R00696,dewasa,ibu_rumah_tangga,4,2,2,4,5,4,42,3,5,3,4,5,4,4,3
R00697,dewasa,ibu_rumah_tangga,3,4,2,3,4,5,79,2,5,5,3,4,3,4,4
R00698,dewasa,pekerja_informal,3,4,3,3,2,3,53,3,3,3,5,3,5,3,5
R00699,anak,pelajar,2,3,2,4,2,3,69,4,2,4,4,3,4,4,4
R00700,dewasa,ibu_rumah_tangga,4,5,4,4,4,4,77,2,2,5,3,3,5,4,2
R00701,dewasa,ibu_rumah_tangga,4,4,3,4,4,4,54,3,4,4,1,5,4,3,3
R00702,anak,pelajar,3,4,3,5,3,3,106,5,3,3,3,3,5,4,3
R00703,remaja,pelajar,3,3,3,2,5,4,68,4,5,4,2,4,4,4,5
R00704,dewasa,pekerja_kantoran,1,5,3,3,4,3,38,1,5,3,3,4,4,5,5
R00705,dewasa,pekerja_informal,3,5,2,3,3,4,68,1,4,3,3,3,4,4,4
R00706,lansia,ibu_rumah_tangga,3,4,3,3,3,5,71,2,2,5,4,3,4,3,3
R00707,dewasa,pekerja_informal,4,4,4,3,5,3,55,1,5,2,2,4,4,3,3
R00708,dewasa,ibu_rumah_tangga,2,4,2,3,4,3,99,3,4,5,3,3,3,3,4
R00709,remaja,mahasiswa,2,4,3,5,5,3,87,3,5,2,4,4,4,3,4
R00710,anak,pelajar,2,2,4,2,3,4,70,5,4,4,3,4,3,4,3
R00711,dewasa,pekerja_informal,1,3,2,3,4,4,59,3,3,3,2,4,4,4,4
R00712,remaja,pelajar,1,2,3,4,4,5,90,1,3,3,4,3,5,4,4
R00713,remaja,pelajar,2,3,2,3,3,4,79,2,5,3,3,2,5,4,5
R00714,dewasa,pekerja_kantoran,2,4,3,5,4,4,66,3,3,3,4,4,3,4,4
R00715,dewasa,pekerja_kantoran,2,3,4,5,4,5,39,3,2,3,2,4,3,5,4
R00716,dewasa,pekerja_kantoran,1,5,2,5,3,4,67,2,4,2,2,4,3,5,4
R00717,dewasa,pekerja_kantoran,4,5,3,4,3,4,87,2,4,2,2,5,5,3,3
R00718,remaja,pelajar,2,5,3,4,4,4,65,3,4,3,4,2,3,3,5
R00719,dewasa,ibu_rumah_tangga,3,4,2,4,4,3,69,2,5,2,4,3,4,3,4
R00720,dewasa,pekerja_informal,4,4,3,4,3,4,33,2,4,3,4,5,4,5,2
R00721,remaja,pelajar,1,3,2,4,4,4,80,4,4,3,4,2,4,3,5
R00722,dewasa,pekerja_kantoran,2,5,3,5,3,2,39,1,4,2,2,4,4,4,5
R00723,dewasa,ibu_rumah_tangga,4,2,3,3,4,3,97,1,5,5,1,5,3,3,3
R00724,remaja,mahasiswa,1,3,3,3,4,4,74,3,4,4,3,3,4,3,5
R00725,anak,pelajar,3,2,4,3,4,4,57,5,1,3,2,5,5,5,5
R00726,dewasa,ibu_rumah_tangga,1,4,2,1,3,3,87,3,4,5,3,4,4,4,3
R00727,dewasa,pekerja_informal,1,5,3,3,3,4,59,1,3,3,2,5,5,5,4
R00728,dewasa,ibu_rumah_tangga,3,3,5,4,4,4,68,4,2,4,4,3,4,3,3
R00729,anak,pelajar,1,2,5,4,3,2,83,5,2,4,4,2,3,5,4
R00730,dewasa,pekerja_kantoran,2,4,3,4,3,3,56,3,5,3,4,4,5,3,4
R00731,anak,pelajar,1,3,4,2,4,4,87,5,3,4,3,2,4,4,4
R00732,anak,pelajar,2,2,5,4,3,4,90,5,2,3,4,3,4,5,3
R00733,anak,pelajar,1,5,1,3,3,3,38,5,3,5,4,3,4,5,3
R00734,anak,pelajar,3,2,3,3,4,3,90,5,4,3,5,4,5,4,5
R00735,anak,pelajar,3,3,4,3,4,3,66,5,1,2,2,2,4,5,3
R00736,dewasa,pekerja_kantoran,4,3,3,5,3,3,64,2,5,3,3,5,4,3,4
R00737,remaja,mahasiswa,1,2,5,5,4,4,86,3,3,3,3,3,5,4,4
R00738,dewasa,pekerja_informal,2,5,5,5,4,3,52,2,4,5,3,3,4,4,4
R00739,remaja,pelajar,3,3,3,5,4,4,104,3,5,4,4,2,4,3,4
R00740,dewasa,pekerja_kantoran,5,3,2,5,3,5,36,3,4,4,3,3,3,4,4
R00741,dewasa,pekerja_informal,3,4,2,3,2,3,79,2,4,2,4,4,4,4,2
R00742,remaja,pelajar,1,5,3,5,3,3,62,3,4,4,4,2,5,5,3
R00743,dewasa,pekerja_kantoran,3,5,4,4,5,4,72,3,3,3,3,4,3,4,2
R00744,lansia,pensiunan,3,5,2,2,4,5,35,1,2,3,4,4,5,5,4
R00745,lansia,pensiunan,3,5,4,2,4,5,52,1,4,5,3,3,5,5,3
R00746,lansia,pensiunan,1,5,5,4,4,4,51,2,2,5,4,3,4,4,4
R00747,remaja,pelajar,1,2,3,5,4,3,76,2,4,2,3,3,4,3,5
R00748,remaja,pelajar,3,3,4,4,5,4,61,3,3,4,4,3,4,4,4
R00749,dewasa,pekerja_kantoran,5,3,3,4,3,3,42,3,3,4,3,2,4,4,4
R00750,remaja,pelajar,2,3,2,4,4,3,56,3,5,4,3,3,5,4,4
R00751,dewasa,ibu_rumah_tangga,3,4,3,2,5,4,61,1,4,3,4,4,5,3,2
R00752,dewasa,pekerja_informal,4,4,3,5,4,4,53,3,3,3,3,4,4,3,3
R00753,remaja,pelajar,1,3,2,2,4,2,73,4,4,5,3,3,4,3,4
R00754,remaja,pelajar,2,2,4,4,4,3,52,4,3,3,3,4,3,5,4
R00755,dewasa,pekerja_kantoran,2,4,4,5,4,2,25,3,5,4,3,5,4,5,5
R00756,lansia,pensiunan,3,4,3,4,4,3,20,3,3,4,3,4,4,5,5
R00757,lansia,pensiunan,1,4,3,5,4,3,46,3,3,4,3,2,4,4,2
R00758,anak,pelajar,1,2,3,3,3,4,81,4,2,4,2,3,4,3,3
R00759,remaja,mahasiswa,3,2,4,5,4,5,44,2,1,1,4,3,4,5,5
R00760,anak,pelajar,1,3,3,2,3,3,58,4,2,3,3,3,4,5,5
R00761,lansia,ibu_rumah_tangga,1,4,3,4,4,4,36,2,1,5,3,4,5,4,4
R00762,dewasa,pekerja_informal,2,4,2,2,4,3,84,2,2,4,3,3,4,5,2
R00763,remaja,pelajar,3,2,4,3,2,5,58,3,3,3,4,5,4,4,5
R00764,lansia,pensiunan,3,4,4,5,5,4,64,3,3,4,4,3,5,4,4
R00765,lansia,pensiunan,2,1,2,2,5,5,40,3,3,4,4,4,4,4,2
R00766,dewasa,ibu_rumah_tangga,4,3,5,4,3,2,74,2,3,3,4,5,4,4,4
R00767,dewasa,pekerja_kantoran,2,3,3,4,3,3,53,4,5,2,4,5,3,5,4
R00768,anak,pelajar,3,2,1,3,2,3,38,4,3,3,3,2,5,4,4
R00769,remaja,pelajar,3,4,4,3,4,2,71,3,3,5,3,4,3,4,4
R00770,dewasa,pekerja_informal,3,2,3,3,2,4,63,2,5,4,4,4,2,4,3
R00771,lansia,pensiunan,1,4,4,3,4,3,53,2,5,5,4,4,4,5,4
R00772,dewasa,ibu_rumah_tangga,2,5,4,4,4,2,68,1,2,3,4,4,5,3,4
R00773,dewasa,pekerja_informal,1,3,3,2,4,4,47,3,3,2,4,2,3,3,3
R00774,dewasa,pekerja_kantoran,2,3,2,3,4,5,33,3,3,3,3,4,5,3,3
R00775,lansia,pensiunan,2,5,4,2,4,4,49,2,3,5,4,4,5,4,5
R00776,lansia,ibu_rumah_tangga,3,4,3,2,5,4,59,4,4,3,4,4,3,4,4
R00777,dewasa,pekerja_kantoran,5,5,3,3,3,5,53,2,4,5,3,4,5,4,3
R00778,dewasa,pekerja_kantoran,3,5,2,5,4,3,44,2,3,2,3,3,3,3,4
R00779,dewasa,pekerja_kantoran,5,5,4,4,3,4,31,2,4,4,1,5,4,4,4
R00780,remaja,mahasiswa,1,1,3,4,5,3,78,5,4,2,4,4,2,5,4
R00781,dewasa,pekerja_kantoran,3,5,5,4,4,3,43,2,5,3,2,5,5,4,4
R00782,remaja,pelajar,1,2,4,3,4,5,57,3,3,1,4,2,5,4,3
R00783,lansia,ibu_rumah_tangga,2,4,4,3,5,3,42,1,3,4,3,5,3,4,5
R00784,lansia,pensiunan,1,3,3,4,5,5,45,3,2,5,3,2,5,3,4
R00785,dewasa,pekerja_kantoran,5,4,3,4,3,3,67,3,5,3,4,4,5,4,5
R00786,lansia,pensiunan,2,4,4,2,4,4,50,2,2,4,3,4,5,2,5
R00787,dewasa,pekerja_kantoran,4,4,3,4,5,5,66,3,3,5,4,3,4,3,3
R00788,dewasa,ibu_rumah_tangga,1,5,3,4,2,4,74,2,5,3,5,3,4,2,4
R00789,dewasa,pekerja_kantoran,3,5,3,5,3,3,69,2,3,5,3,5,5,3,4
R00790,dewasa,ibu_rumah_tangga,1,4,5,4,3,4,51,3,5,3,4,3,3,3,3
R00791,remaja,mahasiswa,1,2,2,4,4,4,71,3,3,4,4,5,4,4,5
R00792,anak,pelajar,1,4,4,3,2,3,93,5,2,3,3,3,4,4,3
R00793,dewasa,pekerja_informal,2,4,3,3,3,4,74,3,5,4,4,2,3,3,3
R00794,dewasa,pekerja_kantoran,3,4,2,4,5,4,49,3,5,3,3,5,4,3,3
R00795,remaja,pelajar,1,3,3,4,4,4,57,3,4,4,4,4,4,4,4
R00796,anak,pelajar,1,1,4,4,3,4,94,5,3,2,2,4,4,4,4
R00797,dewasa,pekerja_kantoran,3,4,3,5,3,5,30,2,4,3,4,4,4,5,2
R00798,dewasa,pekerja_kantoran,3,4,3,5,2,2,45,4,3,3,2,4,3,5,4
R00799,remaja,mahasiswa,2,3,5,4,4,4,124,2,4,2,4,4,4,4,5
R00800,lansia,ibu_rumah_tangga,2,3,3,4,3,4,60,2,4,3,3,3,5,3,4
R00801,dewasa,pekerja_informal,4,4,3,2,4,3,68,1,4,5,3,3,4,5,3
R00802,remaja,mahasiswa,1,3,3,3,5,5,82,3,3,3,5,4,2,4,5
R00803,anak,pelajar,2,4,3,4,2,4,80,5,3,3,3,1,3,4,4
R00804,remaja,pelajar,1,3,4,2,4,4,69,3,5,3,3,4,3,4,4
R00805,dewasa,pekerja_kantoran,2,3,5,3,3,4,23,1,5,2,3,3,3,3,3
R00806,anak,pelajar,3,4,3,2,2,5,86,5,3,3,4,3,4,5,5
R00807,dewasa,pekerja_kantoran,2,5,3,4,3,4,59,1,3,3,3,3,3,4,4
R00808,remaja,mahasiswa,3,4,3,3,4,3,20,4,3,4,4,2,5,3,4
R00809,anak,pelajar,1,3,2,4,3,4,97,5,3,2,3,3,2,5,4
R00810,remaja,mahasiswa,1,2,4,4,5,4,66,4,5,4,5,3,4,3,3
R00811,remaja,pelajar,2,3,4,4,5,2,67,4,4,3,4,3,4,4,5
R00812,dewasa,pekerja_kantoran,3,4,3,5,3,3,55,2,4,3,2,4,5,4,3
R00813,dewasa,pekerja_kantoran,2,4,3,5,4,2,58,3,4,4,3,5,3,4,3
R00814,remaja,pelajar,3,3,4,4,4,4,82,2,3,3,4,4,3,3,4
R00815,dewasa,pekerja_kantoran,3,4,4,5,3,2,55,2,3,3,4,4,5,4,3
R00816,remaja,mahasiswa,2,3,4,3,3,5,49,4,4,4,4,3,3,3,4
R00817,dewasa,pekerja_informal,2,5,3,3,5,4,103,1,4,3,2,3,5,4,5
R00818,dewasa,pekerja_kantoran,5,4,3,3,3,4,85,1,4,3,3,4,5,3,3
R00819,dewasa,pekerja_kantoran,2,5,3,4,5,5,53,4,4,4,3,5,3,5,4
R00820,anak,pelajar,1,3,3,1,3,2,72,3,2,3,5,2,4,5,3
R00821,dewasa,pekerja_kantoran,5,4,4,5,3,3,56,3,5,4,3,2,3,3,4
R00822,dewasa,ibu_rumah_tangga,1,4,4,3,4,2,96,2,5,3,4,4,4,4,3
R00823,dewasa,pekerja_informal,2,3,3,4,3,5,76,2,5,2,2,5,5,4,4
R00824,dewasa,ibu_rumah_tangga,2,1,1,3,5,4,107,4,4,4,3,4,4,3,3
R00825,remaja,mahasiswa,3,3,5,3,5,4,25,3,4,3,5,5,3,4,4
R00826,dewasa,pekerja_kantoran,4,5,3,5,4,3,41,2,4,3,3,3,2,4,4
R00827,dewasa,pekerja_kantoran,3,3,4,3,3,3,62,2,4,3,4,3,4,3,2
R00828,anak,pelajar,3,3,4,5,5,3,52,5,3,4,3,3,4,5,3
R00829,dewasa,pekerja_kantoran,3,3,4,3,4,3,20,1,4,3,4,4,3,5,4
R00830,dewasa,pekerja_informal,3,4,3,2,4,5,55,3,4,4,3,3,3,4,4
R00831,lansia,pensiunan,2,5,3,4,3,4,61,2,4,4,4,1,5,3,4
R00832,lansia,pensiunan,2,4,4,3,4,5,74,4,3,5,2,3,4,3,2
R00833,dewasa,ibu_rumah_tangga,4,5,2,5,4,4,102,1,3,3,4,3,3,2,5
R00834,remaja,pelajar,1,5,5,4,5,4,58,2,3,4,2,2,3,3,4
R00835,lansia,pensiunan,2,4,3,4,4,5,36,3,3,2,2,1,5,4,3
R00836,dewasa,pekerja_kantoran,3,4,4,4,1,4,64,2,4,5,3,4,4,4,3
R00837,lansia,pensiunan,1,5,3,3,4,5,41,2,3,5,4,3,5,4,4
R00838,anak,pelajar,3,3,3,4,3,4,69,4,3,3,2,4,4,5,2
R00839,dewasa,pekerja_kantoran,2,5,3,5,2,3,64,3,3,3,5,4,4,2,4
R00840,dewasa,pekerja_informal,1,5,3,4,4,5,79,3,4,3,3,3,4,4,3
R00841,dewasa,pekerja_informal,1,4,3,4,2,4,59,1,3,3,3,5,4,4,4
R00842,dewasa,pekerja_kantoran,5,3,4,3,5,4,52,3,4,4,1,4,5,3,5
R00843,lansia,pensiunan,2,3,3,4,5,5,56,3,1,5,4,3,4,4,3
R00844,dewasa,ibu_rumah_tangga,4,4,3,4,5,4,96,2,5,2,3,3,5,4,2
R00845,dewasa,ibu_rumah_tangga,4,5,4,3,5,3,61,2,5,4,3,4,2,4,3
R00846,dewasa,ibu_rumah_tangga,4,3,2,4,3,2,67,2,2,4,2,4,2,3,3
R00847,anak,pelajar,2,3,3,4,3,2,52,5,4,4,2,3,4,5,4
R00848,remaja,pelajar,2,5,3,5,3,4,46,2,5,4,2,3,5,4,4
R00849,remaja,pelajar,3,3,3,4,3,4,80,2,4,3,4,4,4,4,4
R00850,lansia,ibu_rumah_tangga,2,4,3,2,5,4,59,1,2,4,2,3,5,4,4
R00851,remaja,mahasiswa,1,1,4,3,4,5,60,2,4,4,5,4,4,4,5
R00852,dewasa,pekerja_informal,4,4,3,3,3,3,67,2,3,4,2,5,5,3,5
R00853,lansia,pensiunan,3,3,4,3,5,5,64,2,4,5,4,2,4,4,5
R00854,dewasa,pekerja_kantoran,1,4,4,4,4,3,80,2,4,4,2,3,3,5,4
R00855,dewasa,pekerja_kantoran,5,3,2,4,3,4,62,2,4,3,4,3,5,3,3
R00856,remaja,pelajar,3,3,2,4,5,4,98,5,5,2,5,3,4,3,5
R00857,dewasa,pekerja_kantoran,2,4,2,5,2,3,26,2,5,5,3,2,3,3,3
R00858,anak,pelajar,1,3,3,4,3,4,81,4,4,3,2,3,3,5,3
R00859,dewasa,pekerja_kantoran,2,4,2,3,3,2,73,2,3,3,5,4,5,4,4
R00860,anak,pelajar,3,2,4,5,4,4,89,5,3,3,3,1,4,2,5
R00861,remaja,pelajar,1,4,3,5,5,4,88,3,4,3,1,3,3,5,4
R00862,remaja,mahasiswa,1,1,3,3,2,2,76,5,4,3,2,4,4,3,5
R00863,dewasa,ibu_rumah_tangga,3,4,2,4,3,4,57,2,3,4,3,5,2,4,4
R00864,dewasa,pekerja_kantoran,2,4,2,5,5,2,54,2,5,2,2,4,3,4,5
R00865,remaja,pelajar,3,5,4,5,4,5,84,3,4,4,4,1,2,4,5
R00866,remaja,pelajar,2,3,3,2,4,4,76,3,4,2,5,3,4,5,5
R00867,dewasa,pekerja_kantoran,3,5,4,4,2,2,53,1,5,2,3,5,5,4,3
R00868,dewasa,pekerja_informal,4,2,5,3,4,3,79,3,4,3,3,4,4,5,4
R00869,remaja,pelajar,3,3,3,4,3,4,71,5,4,3,3,4,4,5,4
R00870,dewasa,ibu_rumah_tangga,2,4,3,3,4,4,100,1,5,3,3,3,3,2,5
R00871,remaja,pelajar,3,3,4,2,4,5,78,3,3,4,4,4,3,4,4
R00872,remaja,pelajar,2,4,3,3,3,5,88,5,3,3,5,4,3,4,3
R00873,dewasa,ibu_rumah_tangga,3,5,4,2,5,4,119,3,3,5,4,3,4,4,5
R00874,dewasa,pekerja_informal,2,3,3,3,4,4,70,1,4,3,3,3,4,4,3
R00875,dewasa,pekerja_kantoran,4,4,3,4,2,4,68,1,4,3,4,3,5,5,4
R00876,remaja,pelajar,2,4,3,4,3,4,54,2,5,4,5,3,5,2,5
R00877,dewasa,pekerja_kantoran,4,5,2,3,4,5,48,3,5,3,5,3,4,5,3
R00878,dewasa,ibu_rumah_tangga,4,5,4,4,5,4,55,1,5,4,3,3,5,5,3
R00879,dewasa,pekerja_informal,1,5,4,3,3,3,86,1,4,4,5,5,4,5,4
R00880,dewasa,pekerja_informal,3,5,3,2,3,3,51,1,3,4,3,2,5,3,4
R00881,anak,pelajar,1,2,4,4,3,4,110,5,3,5,2,2,4,5,4
R00882,dewasa,pekerja_kantoran,5,5,4,4,4,4,78,1,2,4,4,4,5,4,4
R00883,dewasa,pekerja_informal,1,5,4,4,3,4,23,2,3,2,3,2,5,3,4
R00884,remaja,pelajar,3,3,5,3,3,3,48,3,3,4,4,3,4,5,3
R00885,dewasa,pekerja_informal,3,3,3,5,3,4,77,2,4,4,5,2,5,4,4
R00886,dewasa,pekerja_kantoran,3,4,4,4,4,4,32,2,5,5,3,3,4,4,4
R00887,dewasa,pekerja_informal,1,3,2,3,2,3,54,3,3,4,3,4,5,5,2
R00888,anak,pelajar,2,2,3,4,2,5,94,5,2,3,1,3,4,4,4
R00889,remaja,mahasiswa,2,2,4,3,5,4,99,3,3,4,5,5,3,5,4
R00890,remaja,mahasiswa,3,3,3,4,3,5,58,3,2,3,3,2,4,5,4
R00891,remaja,pelajar,1,5,3,5,5,5,71,2,3,4,4,5,3,3,3
R00892,lansia,pensiunan,1,3,4,2,5,3,45,5,5,3,3,3,5,3,5
R00893,dewasa,ibu_rumah_tangga,1,5,4,5,3,4,75,4,3,3,1,2,4,3,3
R00894,dewasa,pekerja_informal,3,5,3,4,4,3,74,4,5,4,4,5,4,5,5
R00895,dewasa,pekerja_kantoran,1,4,3,4,4,4,65,3,4,4,3,2,4,5,3
R00896,remaja,pelajar,3,4,2,3,5,3,37,2,3,2,5,4,5,3,5
R00897,dewasa,ibu_rumah_tangga,1,5,4,3,3,5,50,1,3,5,3,5,4,3,4
R00898,anak,pelajar,2,3,2,3,3,4,76,4,3,5,3,2,3,4,3
R00899,dewasa,pekerja_kantoran,2,3,2,5,5,3,54,2,4,4,5,4,3,3,3
R00900,dewasa,pekerja_kantoran,3,3,4,4,3,4,46,2,4,3,5,3,4,4,5
R00901,anak,pelajar,1,4,2,5,3,5,81,4,3,3,4,3,4,5,2
R00902,anak,pelajar,2,4,3,5,3,4,76,3,3,4,2,2,3,3,4
R00903,dewasa,ibu_rumah_tangga,2,4,3,3,4,3,102,2,2,4,3,3,4,3,5
R00904,lansia,pensiunan,2,3,3,4,4,4,48,3,2,5,2,2,4,3,4
R00905,remaja,mahasiswa,1,3,3,4,3,4,70,4,2,3,5,4,3,4,5
R00906,remaja,pelajar,2,2,4,5,4,4,71,5,4,3,4,4,3,4,3
R00907,lansia,ibu_rumah_tangga,1,3,3,4,5,4,62,3,3,4,4,3,3,4,4
R00908,dewasa,ibu_rumah_tangga,1,4,4,3,3,4,89,3,4,5,3,3,4,4,5
R00909,lansia,pensiunan,2,3,4,3,4,5,53,2,4,4,4,1,5,2,4
R00910,dewasa,pekerja_informal,3,4,4,4,4,5,97,4,3,5,4,3,3,3,4
R00911,anak,pelajar,2,3,4,3,3,3,88,5,2,4,5,3,4,4,4
R00912,remaja,mahasiswa,3,4,4,4,4,4,61,3,3,3,5,3,2,4,4
R00913,dewasa,pekerja_kantoran,1,4,3,4,5,4,30,4,4,4,3,3,5,3,4
R00914,dewasa,pekerja_informal,1,5,3,2,4,5,70,2,2,4,5,3,5,5,3
R00915,lansia,pensiunan,3,3,5,3,4,4,48,2,1,4,4,3,5,3,5
R00916,lansia,pensiunan,2,5,5,5,3,2,75,3,3,5,1,3,4,3,3
R00917,remaja,pelajar,2,3,2,3,4,4,48,3,2,5,4,3,4,4,3
R00918,remaja,mahasiswa,3,3,3,5,3,4,83,3,3,3,5,5,4,3,5
R00919,dewasa,pekerja_informal,1,3,3,3,3,2,50,1,3,4,5,4,5,3,5
R00920,dewasa,pekerja_kantoran,2,3,2,5,4,3,60,2,4,4,3,5,3,4,5
R00921,dewasa,pekerja_kantoran,2,4,2,4,3,4,54,3,4,5,5,4,4,4,3
R00922,dewasa,pekerja_informal,3,4,1,4,5,5,84,1,4,2,1,5,3,5,3
R00923,remaja,pelajar,1,2,4,4,4,3,99,4,3,4,3,2,4,3,4
R00924,dewasa,pekerja_informal,4,4,3,3,2,3,78,2,5,4,4,5,4,4,4
R00925,dewasa,pekerja_kantoran,3,5,1,4,4,4,43,1,5,2,3,4,4,4,4
R00926,dewasa,pekerja_kantoran,2,3,4,4,2,4,44,3,5,3,2,4,4,4,3
R00927,dewasa,pekerja_informal,2,4,1,4,2,3,67,1,5,3,3,4,4,3,2
R00928,dewasa,pekerja_kantoran,2,3,3,2,2,3,43,4,4,4,2,5,4,5,4
R00929,remaja,mahasiswa,1,2,5,3,4,3,83,3,3,2,3,3,4,3,5
R00930,remaja,pelajar,2,2,4,4,4,4,79,3,3,3,5,4,3,3,3
R00931,remaja,pelajar,3,4,3,4,3,5,97,4,4,4,4,3,4,5,4
R00932,remaja,mahasiswa,2,3,3,4,3,3,86,4,3,3,4,5,3,3,5
R00933,dewasa,pekerja_kantoran,3,4,3,5,4,4,71,3,3,2,2,4,4,5,3
R00934,dewasa,pekerja_kantoran,4,5,4,3,3,3,58,1,3,5,4,4,4,5,4
R00935,dewasa,pekerja_kantoran,2,3,4,5,5,4,37,2,5,4,2,4,3,5,4
R00936,dewasa,pekerja_kantoran,4,4,5,3,3,4,54,2,5,3,4,5,4,3,2
R00937,lansia,pensiunan,1,3,3,3,5,4,59,1,2,5,4,4,5,4,4
R00938,dewasa,pekerja_kantoran,2,4,3,5,5,4,51,1,5,4,5,2,4,5,3
R00939,remaja,pelajar,1,3,2,5,4,5,75,3,3,4,5,3,4,5,5
R00940,remaja,pelajar,2,2,4,4,2,3,93,4,3,4,3,2,2,3,5
R00941,dewasa,pekerja_kantoran,1,5,3,4,2,5,71,3,2,3,3,5,4,4,4
R00942,dewasa,ibu_rumah_tangga,1,3,3,4,3,4,100,1,3,5,4,3,4,3,5
R00943,dewasa,pekerja_informal,2,5,4,4,4,4,57,3,3,4,3,2,4,4,3
R00944,remaja,pelajar,2,2,4,3,3,3,45,4,4,4,3,4,5,3,3
R00945,dewasa,pekerja_kantoran,3,4,5,5,3,3,58,4,4,3,3,3,5,5,4
R00946,dewasa,pekerja_kantoran,2,5,3,3,3,4,81,1,3,4,4,5,4,3,4
R00947,anak,pelajar,1,3,2,4,4,4,59,4,2,3,3,3,2,4,3
R00948,dewasa,pekerja_informal,3,3,3,4,4,5,49,1,4,3,2,5,5,3,5
R00949,dewasa,pekerja_kantoran,4,4,3,4,4,4,49,2,5,4,3,3,3,5,3
R00950,remaja,mahasiswa,3,2,5,5,3,3,55,2,2,4,3,4,3,5,5
R00951,remaja,mahasiswa,1,3,5,4,4,5,50,2,5,4,3,4,3,3,4
R00952,dewasa,pekerja_kantoran,2,4,2,4,4,4,23,1,3,3,3,4,5,3,4
R00953,dewasa,pekerja_kantoran,2,3,3,5,4,4,56,1,5,2,5,4,3,4,3
R00954,lansia,ibu_rumah_tangga,3,5,3,5,4,4,71,2,5,2,5,2,5,4,3
R00955,dewasa,pekerja_informal,2,5,1,4,5,4,71,3,3,3,5,4,2,4,3
R00956,dewasa,ibu_rumah_tangga,2,4,4,3,3,5,65,2,5,5,2,5,3,5,3
R00957,dewasa,ibu_rumah_tangga,2,5,4,3,4,4,69,2,4,5,3,3,3,3,4
R00958,dewasa,pekerja_kantoran,2,4,5,4,4,3,53,2,3,3,5,4,4,4,4
R00959,dewasa,pekerja_informal,3,4,2,4,5,3,50,2,3,5,5,4,5,4,5
R00960,dewasa,ibu_rumah_tangga,3,4,4,3,3,5,66,2,3,5,2,3,3,4,3
R00961,anak,pelajar,3,3,3,2,2,4,54,5,2,3,3,3,3,4,3
R00962,lansia,pensiunan,3,5,1,3,5,4,49,4,3,5,2,3,5,4,4
R00963,dewasa,pekerja_kantoran,3,5,4,3,3,3,59,4,4,4,4,3,5,4,3
R00964,anak,pelajar,3,4,4,4,3,4,119,4,2,4,3,3,4,4,4
R00965,dewasa,pekerja_kantoran,1,4,2,5,4,5,40,3,3,3,2,5,5,3,3
R00966,dewasa,pekerja_kantoran,4,5,3,3,2,4,47,1,3,5,4,3,4,4,4
R00967,dewasa,pekerja_informal,4,4,3,5,2,5,52,1,5,4,3,5,3,4,5
R00968,dewasa,pekerja_informal,1,3,3,4,5,4,68,4,5,3,2,2,3,5,5
R00969,remaja,pelajar,1,4,2,4,4,4,53,4,4,3,5,4,5,4,4
R00970,dewasa,pekerja_kantoran,3,4,1,3,5,2,34,3,5,4,3,2,5,5,3
R00971,dewasa,pekerja_informal,4,3,2,3,5,4,65,1,5,3,4,3,3,4,4
R00972,dewasa,pekerja_kantoran,5,4,4,5,4,4,60,2,4,3,3,3,4,4,5
R00973,dewasa,pekerja_kantoran,4,4,2,5,3,3,68,2,2,4,5,2,2,3,5
R00974,lansia,pensiunan,2,3,2,1,4,5,44,2,4,3,3,3,5,4,4
R00975,lansia,ibu_rumah_tangga,3,2,5,3,3,3,56,2,3,5,2,3,4,4,4
R00976,dewasa,pekerja_kantoran,2,2,2,4,4,4,40,3,3,3,3,4,4,4,5
R00977,lansia,ibu_rumah_tangga,2,4,2,3,5,5,29,1,4,4,2,2,4,4,3
R00978,dewasa,ibu_rumah_tangga,2,4,2,3,4,4,87,4,3,5,4,3,3,5,2
R00979,dewasa,pekerja_kantoran,3,2,5,5,4,3,66,3,4,3,2,4,4,3,4
R00980,remaja,mahasiswa,1,3,5,5,3,4,66,3,5,4,4,4,3,4,3
R00981,remaja,pelajar,2,2,3,5,5,3,80,4,4,3,5,2,4,4,3
R00982,dewasa,pekerja_kantoran,1,3,3,5,4,5,77,3,4,4,3,5,3,5,5
R00983,remaja,pelajar,1,2,2,4,3,4,67,4,5,3,5,5,5,5,4
R00984,dewasa,pekerja_kantoran,5,4,5,4,3,3,56,2,3,2,2,3,4,5,4
R00985,dewasa,pekerja_kantoran,5,5,5,3,4,5,41,2,4,4,4,3,5,4,4
R00986,lansia,ibu_rumah_tangga,2,5,4,4,4,5,36,1,2,4,2,3,4,3,4
R00987,dewasa,pekerja_kantoran,3,3,5,5,3,2,51,3,5,4,4,4,4,3,3
R00988,anak,pelajar,3,3,3,4,3,4,53,5,3,2,3,2,4,5,5
R00989,remaja,pelajar,1,2,3,4,2,3,77,2,2,1,4,3,5,4,5
R00990,anak,pelajar,3,2,2,3,3,4,78,4,4,4,3,4,4,5,4
R00991,dewasa,pekerja_kantoran,4,5,3,4,3,2,57,2,4,4,3,4,3,4,2
R00992,anak,pelajar,3,4,3,4,3,4,91,5,2,2,3,4,4,4,3
R00993,anak,pelajar,1,3,5,2,4,3,67,5,3,4,4,3,4,5,3
R00994,anak,pelajar,3,3,3,3,3,4,75,4,3,1,2,4,4,3,3
R00995,lansia,pensiunan,2,5,4,4,4,5,33,2,4,3,2,3,4,4,3
R00996,remaja,pelajar,2,3,2,3,4,5,92,3,3,4,3,5,4,4,5
R00997,dewasa,pekerja_kantoran,1,3,4,4,3,4,62,3,1,3,3,3,4,2,4
R00998,dewasa,pekerja_kantoran,4,3,4,4,4,5,55,2,5,5,5,4,3,3,4
R00999,anak,pelajar,2,3,4,2,3,5,70,5,3,4,3,3,3,4,3
R01000,remaja,pelajar,1,3,3,5,3,4,52,3,4,3,2,3,4,4,5
